Microsoft (R) Macro Assembler Version 6.15.8803		    06/06/26 06:27:27
QuizApp.asm						     Page 1 - 1


				; ============================================================
				;  ADVANCED QUIZ APPLICATION USING MASM AND IRVINE32
				; ============================================================
				;  Course  : Computer Organization and Assembly Language (COAL)
				;  Tool    : MASM + Irvine32 Library
				;  Type    : 32-bit Console Application
				;
				;  FEATURES:
				;    - 3 Categories (CS, Math, General Knowledge)
				;    - 3 Difficulty Levels (Easy, Medium, Hard)
				;    - 30 Multiple Choice Questions (10 per category)
				;    - Random question order (no repeats)
				;    - Score tracking, grading, and performance messages
				;    - Colored text output
				;    - Modular design with 17+ procedures
				;
				;  CONCEPTS DEMONSTRATED:
				;    Procedures, Arrays, Loops, Conditional Jumps,
				;    Random Number Generation, String Handling,
				;    User Input/Output, Modular Programming
				; ============================================================
				
				; ==================== SETUP ====================
				.386                                ; Use 386 instruction set
				.model flat, stdcall                ; Flat memory model
				.stack 4096                         ; 4 KB stack
				
				INCLUDE Irvine32.inc                ; Irvine32 library
			      C ; Include file for Irvine32.lib             (Irvine32.inc)
			      C 
			      C INCLUDE SmallWin.inc		; MS-Windows prototypes, structures, and constants
			      C .NOLIST
			      C .LIST
			      C 
			      C INCLUDE VirtualKeys.inc		; (4/6/03)
			      C ; VirtualKeys.inc
			      C .NOLIST
			      C .LIST
			      C 
			      C 
			      C .NOLIST
			      C .LIST
			      C 
				
				; ==================== CONSTANTS ====================
 = 00000020			MAX_NAME     = 32                   ; Max characters for user name
 = 0000000A			NUM_PER_CAT  = 10                   ; Questions per category
 = 0000000A			PTS_CORRECT  = 10                   ; Points for a correct answer
				
				; Color constants (foreground on black background)
 = 0000000F			CLR_WHITE    = 15
 = 0000000E			CLR_YELLOW   = 14
 = 0000000A			CLR_GREEN    = 10
 = 0000000C			CLR_RED      = 12
 = 0000000B			CLR_CYAN     = 11
 = 0000000D			CLR_MAGENTA  = 13
				
				; ============================================================
				;                      DATA SECTION
				; ============================================================
 00000000			.data
				
				; ==================== USER DATA ====================
 00000000  00000020 [		userName      BYTE  MAX_NAME DUP(0)   ; Buffer for player name
	    00
	   ]
 00000020 00000000		score         DWORD 0                 ; Current score
 00000024 00000000		correctCount  DWORD 0                 ; Number of correct answers
 00000028 00000000		wrongCount    DWORD 0                 ; Number of wrong answers
 0000002C 00000000		currentQNum   DWORD 0                 ; Current question number (1-based)
 00000030 00000000		numQuestions  DWORD 0                 ; Total questions in this quiz
 00000034 00000000		categoryBase  DWORD 0                 ; Start index of selected category
 00000038 00000000		catChoice     DWORD 0                 ; Category choice (1, 2, or 3)
 0000003C 00000000		diffChoice    DWORD 0                 ; Difficulty choice (1, 2, or 3)
 00000040 00000000		percentage    DWORD 0                 ; Calculated percentage
 00000044 00000000		maxScore      DWORD 0                 ; Maximum possible score
 00000048 00000000		currentQIdx   DWORD 0                 ; Absolute index of current question
 0000004C 00			userAnswer    BYTE  0                 ; User's answer (A/B/C/D)
 0000004D 00			lastCorrect   BYTE  0                 ; 1 = last answer correct, 0 = wrong
				
				; ==================== TRACKING ARRAY ====================
				; Tracks which questions have been used (0 = available, 1 = used)
 0000004E  0000000A [		usedQuestions BYTE  NUM_PER_CAT DUP(0)
	    00
	   ]
				
				; ==================== UI STRINGS ====================
 00000058 3D 3D 3D 3D 3D	separator     BYTE  "================================================", 0
	   3D 3D 3D 3D 3D
	   3D 3D 3D 3D 3D
	   3D 3D 3D 3D 3D
	   3D 3D 3D 3D 3D
	   3D 3D 3D 3D 3D
	   3D 3D 3D 3D 3D
	   3D 3D 3D 3D 3D
	   3D 3D 3D 3D 3D
	   3D 3D 3D 00
 00000089 20 20 45 6E 74	promptName    BYTE  "  Enter your name: ", 0
	   65 72 20 79 6F
	   75 72 20 6E 61
	   6D 65 3A 20 00
 0000009D 20 20 45 6E 74	choicePrompt  BYTE  "  Enter your choice: ", 0
	   65 72 20 79 6F
	   75 72 20 63 68
	   6F 69 63 65 3A
	   20 00
 000000B3 20 20 59 6F 75	ansPrompt     BYTE  "  Your Answer (A/B/C/D): ", 0
	   72 20 41 6E 73
	   77 65 72 20 28
	   41 2F 42 2F 43
	   2F 44 29 3A 20
	   00
 000000CD 20 20 49 6E 76	invalidMsg    BYTE  "  Invalid choice! Try again.", 0
	   61 6C 69 64 20
	   63 68 6F 69 63
	   65 21 20 54 72
	   79 20 61 67 61
	   69 6E 2E 00
 000000EA 20 20 49 6E 76	invalidAns    BYTE  "  Invalid! Please enter A, B, C, or D.", 0
	   61 6C 69 64 21
	   20 50 6C 65 61
	   73 65 20 65 6E
	   74 65 72 20 41
	   2C 20 42 2C 20
	   43 2C 20 6F 72
	   20 44 2E 00
 00000111 20 20 43 6F 72	correctTxt    BYTE  "  Correct! +10 Points!", 0
	   72 65 63 74 21
	   20 2B 31 30 20
	   50 6F 69 6E 74
	   73 21 00
 00000128 20 20 57 72 6F	wrongTxt      BYTE  "  Wrong! The correct answer was: ", 0
	   6E 67 21 20 54
	   68 65 20 63 6F
	   72 72 65 63 74
	   20 61 6E 73 77
	   65 72 20 77 61
	   73 3A 20 00
 0000014A 20 20 50 72 65	pressKey      BYTE  "  Press any key to continue...", 0
	   73 73 20 61 6E
	   79 20 6B 65 79
	   20 74 6F 20 63
	   6F 6E 74 69 6E
	   75 65 2E 2E 2E
	   00
 00000169 25 00			percentSign   BYTE  "%", 0
 0000016B 20 2F 20 00		slashTxt      BYTE  " / ", 0
				
				; ==================== WELCOME SCREEN ====================
 0000016F 3D 3D 3D 3D 3D	welc1         BYTE  "================================================", 0
	   3D 3D 3D 3D 3D
	   3D 3D 3D 3D 3D
	   3D 3D 3D 3D 3D
	   3D 3D 3D 3D 3D
	   3D 3D 3D 3D 3D
	   3D 3D 3D 3D 3D
	   3D 3D 3D 3D 3D
	   3D 3D 3D 3D 3D
	   3D 3D 3D 00
 000001A0 20 20 20 20 20	welc2         BYTE  "                                                ", 0
	   20 20 20 20 20
	   20 20 20 20 20
	   20 20 20 20 20
	   20 20 20 20 20
	   20 20 20 20 20
	   20 20 20 20 20
	   20 20 20 20 20
	   20 20 20 20 20
	   20 20 20 00
 000001D1 20 20 20 20 20	welc3         BYTE  "          Q U I Z   A P P L I C A T I O N      ", 0
	   20 20 20 20 20
	   51 20 55 20 49
	   20 5A 20 20 20
	   41 20 50 20 50
	   20 4C 20 49 20
	   43 20 41 20 54
	   20 49 20 4F 20
	   4E 20 20 20 20
	   20 20 00
 00000201 20 20 20 20 20	welc4         BYTE  "                  Version 1.0                   ", 0
	   20 20 20 20 20
	   20 20 20 20 20
	   20 20 20 56 65
	   72 73 69 6F 6E
	   20 31 2E 30 20
	   20 20 20 20 20
	   20 20 20 20 20
	   20 20 20 20 20
	   20 20 20 00
 00000232 3D 3D 3D 3D 3D	welc5         BYTE  "================================================", 0
	   3D 3D 3D 3D 3D
	   3D 3D 3D 3D 3D
	   3D 3D 3D 3D 3D
	   3D 3D 3D 3D 3D
	   3D 3D 3D 3D 3D
	   3D 3D 3D 3D 3D
	   3D 3D 3D 3D 3D
	   3D 3D 3D 3D 3D
	   3D 3D 3D 00
				
				; ==================== MAIN MENU STRINGS ====================
 00000263 20 20 20 20 20	menuTitle     BYTE  "               MAIN MENU", 0
	   20 20 20 20 20
	   20 20 20 20 20
	   4D 41 49 4E 20
	   4D 45 4E 55 00
 0000027C 20 20 31 2E 20	menuOpt1      BYTE  "  1. Start Quiz", 0
	   53 74 61 72 74
	   20 51 75 69 7A
	   00
 0000028C 20 20 32 2E 20	menuOpt2      BYTE  "  2. Instructions", 0
	   49 6E 73 74 72
	   75 63 74 69 6F
	   6E 73 00
 0000029E 20 20 33 2E 20	menuOpt3      BYTE  "  3. About Project", 0
	   41 62 6F 75 74
	   20 50 72 6F 6A
	   65 63 74 00
 000002B1 20 20 34 2E 20	menuOpt4      BYTE  "  4. Exit", 0
	   45 78 69 74 00
				
				; ==================== CATEGORY MENU STRINGS ====================
 000002BB 20 20 20 20 20	catTitle      BYTE  "            SELECT CATEGORY", 0
	   20 20 20 20 20
	   20 20 53 45 4C
	   45 43 54 20 43
	   41 54 45 47 4F
	   52 59 00
 000002D7 20 20 31 2E 20	catOpt1       BYTE  "  1. Computer Science", 0
	   43 6F 6D 70 75
	   74 65 72 20 53
	   63 69 65 6E 63
	   65 00
 000002ED 20 20 32 2E 20	catOpt2       BYTE  "  2. Mathematics", 0
	   4D 61 74 68 65
	   6D 61 74 69 63
	   73 00
 000002FE 20 20 33 2E 20	catOpt3       BYTE  "  3. General Knowledge", 0
	   47 65 6E 65 72
	   61 6C 20 4B 6E
	   6F 77 6C 65 64
	   67 65 00
				
				; ==================== DIFFICULTY MENU STRINGS ====================
 00000315 20 20 20 20 20	diffTitle     BYTE  "           SELECT DIFFICULTY", 0
	   20 20 20 20 20
	   20 53 45 4C 45
	   43 54 20 44 49
	   46 46 49 43 55
	   4C 54 59 00
 00000332 20 20 31 2E 20	diffOpt1      BYTE  "  1. Easy     (5 Questions)", 0
	   45 61 73 79 20
	   20 20 20 20 28
	   35 20 51 75 65
	   73 74 69 6F 6E
	   73 29 00
 0000034E 20 20 32 2E 20	diffOpt2      BYTE  "  2. Medium   (8 Questions)", 0
	   4D 65 64 69 75
	   6D 20 20 20 28
	   38 20 51 75 65
	   73 74 69 6F 6E
	   73 29 00
 0000036A 20 20 33 2E 20	diffOpt3      BYTE  "  3. Hard     (10 Questions)", 0
	   48 61 72 64 20
	   20 20 20 20 28
	   31 30 20 51 75
	   65 73 74 69 6F
	   6E 73 29 00
				
				; ==================== QUIZ PROGRESS STRINGS ====================
 00000387 20 20 51 75 65	qNumMsg       BYTE  "  Question ", 0
	   73 74 69 6F 6E
	   20 00
 00000393 20 6F 66 20 00	ofMsg         BYTE  " of ", 0
 00000398 20 20 43 75 72	scoreMsg      BYTE  "  Current Score: ", 0
	   72 65 6E 74 20
	   53 63 6F 72 65
	   3A 20 00
				
				; ==================== RESULT SCREEN STRINGS ====================
 000003AA 20 20 20 20 20	resTitle      BYTE  "            QUIZ COMPLETED!", 0
	   20 20 20 20 20
	   20 20 51 55 49
	   5A 20 43 4F 4D
	   50 4C 45 54 45
	   44 21 00
 000003C6 20 20 50 6C 61	resNameLbl    BYTE  "  Player Name     : ", 0
	   79 65 72 20 4E
	   61 6D 65 20 20
	   20 20 20 3A 20
	   00
 000003DB 20 20 43 61 74	resCatLbl     BYTE  "  Category        : ", 0
	   65 67 6F 72 79
	   20 20 20 20 20
	   20 20 20 3A 20
	   00
 000003F0 20 20 44 69 66	resDiffLbl    BYTE  "  Difficulty      : ", 0
	   66 69 63 75 6C
	   74 79 20 20 20
	   20 20 20 3A 20
	   00
 00000405 20 20 43 6F 72	resCorrectLbl BYTE  "  Correct Answers : ", 0
	   72 65 63 74 20
	   41 6E 73 77 65
	   72 73 20 3A 20
	   00
 0000041A 20 20 57 72 6F	resWrongLbl   BYTE  "  Wrong Answers   : ", 0
	   6E 67 20 41 6E
	   73 77 65 72 73
	   20 20 20 3A 20
	   00
 0000042F 20 20 46 69 6E	resScoreLbl   BYTE  "  Final Score     : ", 0
	   61 6C 20 53 63
	   6F 72 65 20 20
	   20 20 20 3A 20
	   00
 00000444 20 20 50 65 72	resPercLbl    BYTE  "  Percentage      : ", 0
	   63 65 6E 74 61
	   67 65 20 20 20
	   20 20 20 3A 20
	   00
 00000459 20 20 47 72 61	resGradeLbl   BYTE  "  Grade           : ", 0
	   64 65 20 20 20
	   20 20 20 20 20
	   20 20 20 3A 20
	   00
 0000046E 20 20 50 65 72	resPerfLbl    BYTE  "  Performance     : ", 0
	   66 6F 72 6D 61
	   6E 63 65 20 20
	   20 20 20 3A 20
	   00
				
				; ==================== REPLAY MENU STRINGS ====================
 00000483 20 20 20 20 20	repTitle      BYTE  "            WHAT NEXT?", 0
	   20 20 20 20 20
	   20 20 57 48 41
	   54 20 4E 45 58
	   54 3F 00
 0000049A 20 20 31 2E 20	repOpt1       BYTE  "  1. Play Again", 0
	   50 6C 61 79 20
	   41 67 61 69 6E
	   00
 000004AA 20 20 32 2E 20	repOpt2       BYTE  "  2. Main Menu", 0
	   4D 61 69 6E 20
	   4D 65 6E 75 00
 000004B9 20 20 33 2E 20	repOpt3       BYTE  "  3. Exit", 0
	   45 78 69 74 00
				
				; ==================== INSTRUCTIONS TEXT ====================
 000004C3 20 20 20 20 20	inst1         BYTE  "            HOW TO PLAY", 0
	   20 20 20 20 20
	   20 20 48 4F 57
	   20 54 4F 20 50
	   4C 41 59 00
 000004DB 20 20 31 2E 20	inst2         BYTE  "  1. Select a category from the menu.", 0
	   53 65 6C 65 63
	   74 20 61 20 63
	   61 74 65 67 6F
	   72 79 20 66 72
	   6F 6D 20 74 68
	   65 20 6D 65 6E
	   75 2E 00
 00000501 20 20 32 2E 20	inst3         BYTE  "  2. Select a difficulty level.", 0
	   53 65 6C 65 63
	   74 20 61 20 64
	   69 66 66 69 63
	   75 6C 74 79 20
	   6C 65 76 65 6C
	   2E 00
 00000521 20 20 20 20 20	inst4         BYTE  "     - Easy:   5 questions", 0
	   2D 20 45 61 73
	   79 3A 20 20 20
	   35 20 71 75 65
	   73 74 69 6F 6E
	   73 00
 0000053C 20 20 20 20 20	inst5         BYTE  "     - Medium: 8 questions", 0
	   2D 20 4D 65 64
	   69 75 6D 3A 20
	   38 20 71 75 65
	   73 74 69 6F 6E
	   73 00
 00000557 20 20 20 20 20	inst6         BYTE  "     - Hard:   10 questions", 0
	   2D 20 48 61 72
	   64 3A 20 20 20
	   31 30 20 71 75
	   65 73 74 69 6F
	   6E 73 00
 00000573 20 20 33 2E 20	inst7         BYTE  "  3. Answer each multiple choice question", 0
	   41 6E 73 77 65
	   72 20 65 61 63
	   68 20 6D 75 6C
	   74 69 70 6C 65
	   20 63 68 6F 69
	   63 65 20 71 75
	   65 73 74 69 6F
	   6E 00
 0000059D 20 20 20 20 20	inst8         BYTE  "     by pressing A, B, C, or D.", 0
	   62 79 20 70 72
	   65 73 73 69 6E
	   67 20 41 2C 20
	   42 2C 20 43 2C
	   20 6F 72 20 44
	   2E 00
 000005BD 20 20 34 2E 20	inst9         BYTE  "  4. Each correct answer earns 10 points.", 0
	   45 61 63 68 20
	   63 6F 72 72 65
	   63 74 20 61 6E
	   73 77 65 72 20
	   65 61 72 6E 73
	   20 31 30 20 70
	   6F 69 6E 74 73
	   2E 00
 000005E7 20 20 35 2E 20	inst10        BYTE  "  5. Your score and grade are shown at the end.", 0
	   59 6F 75 72 20
	   73 63 6F 72 65
	   20 61 6E 64 20
	   67 72 61 64 65
	   20 61 72 65 20
	   73 68 6F 77 6E
	   20 61 74 20 74
	   68 65 20 65 6E
	   64 2E 00
				
				; ==================== ABOUT TEXT ====================
 00000617 20 20 20 20 20	abt1          BYTE  "           ABOUT THIS PROJECT", 0
	   20 20 20 20 20
	   20 41 42 4F 55
	   54 20 54 48 49
	   53 20 50 52 4F
	   4A 45 43 54 00
 00000635 20 20 50 72 6F	abt2          BYTE  "  Project  : Advanced Quiz Application", 0
	   6A 65 63 74 20
	   20 3A 20 41 64
	   76 61 6E 63 65
	   64 20 51 75 69
	   7A 20 41 70 70
	   6C 69 63 61 74
	   69 6F 6E 00
 0000065C 20 20 43 6F 75	abt3          BYTE  "  Course   : Computer Organization and", 0
	   72 73 65 20 20
	   20 3A 20 43 6F
	   6D 70 75 74 65
	   72 20 4F 72 67
	   61 6E 69 7A 61
	   74 69 6F 6E 20
	   61 6E 64 00
 00000683 20 20 20 20 20	abt4          BYTE  "             Assembly Language (COAL)", 0
	   20 20 20 20 20
	   20 20 20 41 73
	   73 65 6D 62 6C
	   79 20 4C 61 6E
	   67 75 61 67 65
	   20 28 43 4F 41
	   4C 29 00
 000006A9 20 20 54 6F 6F	abt5          BYTE  "  Tool     : MASM + Irvine32 Library", 0
	   6C 20 20 20 20
	   20 3A 20 4D 41
	   53 4D 20 2B 20
	   49 72 76 69 6E
	   65 33 32 20 4C
	   69 62 72 61 72
	   79 00
 000006CE 20 20 50 6C 61	abt6          BYTE  "  Platform : 32-bit Windows Console", 0
	   74 66 6F 72 6D
	   20 3A 20 33 32
	   2D 62 69 74 20
	   57 69 6E 64 6F
	   77 73 20 43 6F
	   6E 73 6F 6C 65
	   00
				
				; ==================== EXIT MESSAGE ====================
 000006F2 20 20 54 68 61	exitMsg1      BYTE  "  Thank you for playing the Quiz!", 0
	   6E 6B 20 79 6F
	   75 20 66 6F 72
	   20 70 6C 61 79
	   69 6E 67 20 74
	   68 65 20 51 75
	   69 7A 21 00
 00000714 20 20 47 6F 6F	exitMsg2      BYTE  "  Goodbye!", 0
	   64 62 79 65 21
	   00
				
				; ==================== CATEGORY NAME STRINGS ====================
 0000071F 43 6F 6D 70 75	catName1      BYTE  "Computer Science", 0
	   74 65 72 20 53
	   63 69 65 6E 63
	   65 00
 00000730 4D 61 74 68 65	catName2      BYTE  "Mathematics", 0
	   6D 61 74 69 63
	   73 00
 0000073C 47 65 6E 65 72	catName3      BYTE  "General Knowledge", 0
	   61 6C 20 4B 6E
	   6F 77 6C 65 64
	   67 65 00
				
				; Array of pointers to category names (for result screen)
 0000074E 0000071F R		catNames      DWORD OFFSET catName1, OFFSET catName2, OFFSET catName3
	   00000730 R
	   0000073C R
				
				; ==================== DIFFICULTY NAME STRINGS ====================
 0000075A 45 61 73 79 00	diffName1     BYTE  "Easy", 0
 0000075F 4D 65 64 69 75	diffName2     BYTE  "Medium", 0
	   6D 00
 00000766 48 61 72 64 00	diffName3     BYTE  "Hard", 0
				
				; Array of pointers to difficulty names (for result screen)
 0000076B 0000075A R		diffNames     DWORD OFFSET diffName1, OFFSET diffName2, OFFSET diffName3
	   0000075F R
	   00000766 R
				
				; ==================== GRADE STRINGS ====================
 00000777 41 2B 00		gradeAP       BYTE  "A+", 0
 0000077A 41 00			gradeA        BYTE  "A", 0
 0000077C 42 00			gradeB        BYTE  "B", 0
 0000077E 43 00			gradeC        BYTE  "C", 0
 00000780 44 00			gradeD        BYTE  "D", 0
 00000782 46 00			gradeF        BYTE  "F", 0
 00000784 00000000		gradePtr      DWORD 0                 ; Pointer to current grade string
				
				; ==================== PERFORMANCE MESSAGE STRINGS ====================
 00000788 4F 75 74 73 74	perfOutstand  BYTE  "Outstanding! You are a genius!", 0
	   61 6E 64 69 6E
	   67 21 20 59 6F
	   75 20 61 72 65
	   20 61 20 67 65
	   6E 69 75 73 21
	   00
 000007A7 45 78 63 65 6C	perfExcell    BYTE  "Excellent work! Keep it up!", 0
	   6C 65 6E 74 20
	   77 6F 72 6B 21
	   20 4B 65 65 70
	   20 69 74 20 75
	   70 21 00
 000007C3 47 6F 6F 64 20	perfGood      BYTE  "Good job! Room for improvement.", 0
	   6A 6F 62 21 20
	   52 6F 6F 6D 20
	   66 6F 72 20 69
	   6D 70 72 6F 76
	   65 6D 65 6E 74
	   2E 00
 000007E3 41 76 65 72 61	perfAverage   BYTE  "Average. Study harder next time!", 0
	   67 65 2E 20 53
	   74 75 64 79 20
	   68 61 72 64 65
	   72 20 6E 65 78
	   74 20 74 69 6D
	   65 21 00
 00000804 4E 65 65 64 73	perfNeedImp   BYTE  "Needs Improvement. Don't give up!", 0
	   20 49 6D 70 72
	   6F 76 65 6D 65
	   6E 74 2E 20 44
	   6F 6E 27 74 20
	   67 69 76 65 20
	   75 70 21 00
 00000826 00000000		perfPtr       DWORD 0                 ; Pointer to current performance message
				
				; ============================================================
				;          COMPUTER SCIENCE QUESTIONS (Index 0-9)
				; ============================================================
				
				; --- CS Question 1 ---
 0000082A 57 68 61 74 20	csQ1    BYTE  "What does CPU stand for?", 0
	   64 6F 65 73 20
	   43 50 55 20 73
	   74 61 6E 64 20
	   66 6F 72 3F 00
 00000843 20 20 41 2E 20	csQ1A   BYTE  "  A. Central Program Unit", 0
	   43 65 6E 74 72
	   61 6C 20 50 72
	   6F 67 72 61 6D
	   20 55 6E 69 74
	   00
 0000085D 20 20 42 2E 20	csQ1B   BYTE  "  B. Central Processing Unit", 0
	   43 65 6E 74 72
	   61 6C 20 50 72
	   6F 63 65 73 73
	   69 6E 67 20 55
	   6E 69 74 00
 0000087A 20 20 43 2E 20	csQ1C   BYTE  "  C. Computer Program Unit", 0
	   43 6F 6D 70 75
	   74 65 72 20 50
	   72 6F 67 72 61
	   6D 20 55 6E 69
	   74 00
 00000895 20 20 44 2E 20	csQ1D   BYTE  "  D. Control Processing Unit", 0
	   43 6F 6E 74 72
	   6F 6C 20 50 72
	   6F 63 65 73 73
	   69 6E 67 20 55
	   6E 69 74 00
				
				; --- CS Question 2 ---
 000008B2 57 68 61 74 20	csQ2    BYTE  "What does RAM stand for?", 0
	   64 6F 65 73 20
	   52 41 4D 20 73
	   74 61 6E 64 20
	   66 6F 72 3F 00
 000008CB 20 20 41 2E 20	csQ2A   BYTE  "  A. Random Access Memory", 0
	   52 61 6E 64 6F
	   6D 20 41 63 63
	   65 73 73 20 4D
	   65 6D 6F 72 79
	   00
 000008E5 20 20 42 2E 20	csQ2B   BYTE  "  B. Read Access Memory", 0
	   52 65 61 64 20
	   41 63 63 65 73
	   73 20 4D 65 6D
	   6F 72 79 00
 000008FD 20 20 43 2E 20	csQ2C   BYTE  "  C. Run Access Memory", 0
	   52 75 6E 20 41
	   63 63 65 73 73
	   20 4D 65 6D 6F
	   72 79 00
 00000914 20 20 44 2E 20	csQ2D   BYTE  "  D. Random Available Memory", 0
	   52 61 6E 64 6F
	   6D 20 41 76 61
	   69 6C 61 62 6C
	   65 20 4D 65 6D
	   6F 72 79 00
				
				; --- CS Question 3 ---
 00000931 57 68 69 63 68	csQ3    BYTE  "Which of the following is NOT an operating system?", 0
	   20 6F 66 20 74
	   68 65 20 66 6F
	   6C 6C 6F 77 69
	   6E 67 20 69 73
	   20 4E 4F 54 20
	   61 6E 20 6F 70
	   65 72 61 74 69
	   6E 67 20 73 79
	   73 74 65 6D 3F
	   00
 00000964 20 20 41 2E 20	csQ3A   BYTE  "  A. Windows", 0
	   57 69 6E 64 6F
	   77 73 00
 00000971 20 20 42 2E 20	csQ3B   BYTE  "  B. Linux", 0
	   4C 69 6E 75 78
	   00
 0000097C 20 20 43 2E 20	csQ3C   BYTE  "  C. macOS", 0
	   6D 61 63 4F 53
	   00
 00000987 20 20 44 2E 20	csQ3D   BYTE  "  D. Oracle", 0
	   4F 72 61 63 6C
	   65 00
				
				; --- CS Question 4 ---
 00000993 57 68 61 74 20	csQ4    BYTE  "What is the binary representation of decimal 10?", 0
	   69 73 20 74 68
	   65 20 62 69 6E
	   61 72 79 20 72
	   65 70 72 65 73
	   65 6E 74 61 74
	   69 6F 6E 20 6F
	   66 20 64 65 63
	   69 6D 61 6C 20
	   31 30 3F 00
 000009C4 20 20 41 2E 20	csQ4A   BYTE  "  A. 1000", 0
	   31 30 30 30 00
 000009CE 20 20 42 2E 20	csQ4B   BYTE  "  B. 1100", 0
	   31 31 30 30 00
 000009D8 20 20 43 2E 20	csQ4C   BYTE  "  C. 1010", 0
	   31 30 31 30 00
 000009E2 20 20 44 2E 20	csQ4D   BYTE  "  D. 1001", 0
	   31 30 30 31 00
				
				; --- CS Question 5 ---
 000009EC 57 68 61 74 20	csQ5    BYTE  "What does HTML stand for?", 0
	   64 6F 65 73 20
	   48 54 4D 4C 20
	   73 74 61 6E 64
	   20 66 6F 72 3F
	   00
 00000A06 20 20 41 2E 20	csQ5A   BYTE  "  A. Hyper Text Making Language", 0
	   48 79 70 65 72
	   20 54 65 78 74
	   20 4D 61 6B 69
	   6E 67 20 4C 61
	   6E 67 75 61 67
	   65 00
 00000A26 20 20 42 2E 20	csQ5B   BYTE  "  B. Hyper Text Markup Language", 0
	   48 79 70 65 72
	   20 54 65 78 74
	   20 4D 61 72 6B
	   75 70 20 4C 61
	   6E 67 75 61 67
	   65 00
 00000A46 20 20 43 2E 20	csQ5C   BYTE  "  C. High Tech Modern Language", 0
	   48 69 67 68 20
	   54 65 63 68 20
	   4D 6F 64 65 72
	   6E 20 4C 61 6E
	   67 75 61 67 65
	   00
 00000A65 20 20 44 2E 20	csQ5D   BYTE  "  D. Home Tool Markup Language", 0
	   48 6F 6D 65 20
	   54 6F 6F 6C 20
	   4D 61 72 6B 75
	   70 20 4C 61 6E
	   67 75 61 67 65
	   00
				
				; --- CS Question 6 ---
 00000A84 57 68 61 74 20	csQ6    BYTE  "What is the smallest unit of data in a computer?", 0
	   69 73 20 74 68
	   65 20 73 6D 61
	   6C 6C 65 73 74
	   20 75 6E 69 74
	   20 6F 66 20 64
	   61 74 61 20 69
	   6E 20 61 20 63
	   6F 6D 70 75 74
	   65 72 3F 00
 00000AB5 20 20 41 2E 20	csQ6A   BYTE  "  A. Bit", 0
	   42 69 74 00
 00000ABE 20 20 42 2E 20	csQ6B   BYTE  "  B. Byte", 0
	   42 79 74 65 00
 00000AC8 20 20 43 2E 20	csQ6C   BYTE  "  C. Kilobyte", 0
	   4B 69 6C 6F 62
	   79 74 65 00
 00000AD6 20 20 44 2E 20	csQ6D   BYTE  "  D. Nibble", 0
	   4E 69 62 62 6C
	   65 00
				
				; --- CS Question 7 ---
 00000AE2 57 68 69 63 68	csQ7    BYTE  "Which of the following is an input device?", 0
	   20 6F 66 20 74
	   68 65 20 66 6F
	   6C 6C 6F 77 69
	   6E 67 20 69 73
	   20 61 6E 20 69
	   6E 70 75 74 20
	   64 65 76 69 63
	   65 3F 00
 00000B0D 20 20 41 2E 20	csQ7A   BYTE  "  A. Monitor", 0
	   4D 6F 6E 69 74
	   6F 72 00
 00000B1A 20 20 42 2E 20	csQ7B   BYTE  "  B. Printer", 0
	   50 72 69 6E 74
	   65 72 00
 00000B27 20 20 43 2E 20	csQ7C   BYTE  "  C. Keyboard", 0
	   4B 65 79 62 6F
	   61 72 64 00
 00000B35 20 20 44 2E 20	csQ7D   BYTE  "  D. Speaker", 0
	   53 70 65 61 6B
	   65 72 00
				
				; --- CS Question 8 ---
 00000B42 57 68 61 74 20	csQ8    BYTE  "What does URL stand for?", 0
	   64 6F 65 73 20
	   55 52 4C 20 73
	   74 61 6E 64 20
	   66 6F 72 3F 00
 00000B5B 20 20 41 2E 20	csQ8A   BYTE  "  A. Uniform Resource Locator", 0
	   55 6E 69 66 6F
	   72 6D 20 52 65
	   73 6F 75 72 63
	   65 20 4C 6F 63
	   61 74 6F 72 00
 00000B79 20 20 42 2E 20	csQ8B   BYTE  "  B. Universal Resource Link", 0
	   55 6E 69 76 65
	   72 73 61 6C 20
	   52 65 73 6F 75
	   72 63 65 20 4C
	   69 6E 6B 00
 00000B96 20 20 43 2E 20	csQ8C   BYTE  "  C. Uniform Reference Locator", 0
	   55 6E 69 66 6F
	   72 6D 20 52 65
	   66 65 72 65 6E
	   63 65 20 4C 6F
	   63 61 74 6F 72
	   00
 00000BB5 20 20 44 2E 20	csQ8D   BYTE  "  D. Universal Resource Locator", 0
	   55 6E 69 76 65
	   72 73 61 6C 20
	   52 65 73 6F 75
	   72 63 65 20 4C
	   6F 63 61 74 6F
	   72 00
				
				; --- CS Question 9 ---
 00000BD5 48 6F 77 20 6D	csQ9    BYTE  "How many bits are in one byte?", 0
	   61 6E 79 20 62
	   69 74 73 20 61
	   72 65 20 69 6E
	   20 6F 6E 65 20
	   62 79 74 65 3F
	   00
 00000BF4 20 20 41 2E 20	csQ9A   BYTE  "  A. 4", 0
	   34 00
 00000BFB 20 20 42 2E 20	csQ9B   BYTE  "  B. 8", 0
	   38 00
 00000C02 20 20 43 2E 20	csQ9C   BYTE  "  C. 16", 0
	   31 36 00
 00000C0A 20 20 44 2E 20	csQ9D   BYTE  "  D. 32", 0
	   33 32 00
				
				; --- CS Question 10 ---
 00000C12 57 68 61 74 20	csQ10   BYTE  "What does SQL stand for?", 0
	   64 6F 65 73 20
	   53 51 4C 20 73
	   74 61 6E 64 20
	   66 6F 72 3F 00
 00000C2B 20 20 41 2E 20	csQ10A  BYTE  "  A. Simple Query Language", 0
	   53 69 6D 70 6C
	   65 20 51 75 65
	   72 79 20 4C 61
	   6E 67 75 61 67
	   65 00
 00000C46 20 20 42 2E 20	csQ10B  BYTE  "  B. Sequential Query Language", 0
	   53 65 71 75 65
	   6E 74 69 61 6C
	   20 51 75 65 72
	   79 20 4C 61 6E
	   67 75 61 67 65
	   00
 00000C65 20 20 43 2E 20	csQ10C  BYTE  "  C. Standard Query Language", 0
	   53 74 61 6E 64
	   61 72 64 20 51
	   75 65 72 79 20
	   4C 61 6E 67 75
	   61 67 65 00
 00000C82 20 20 44 2E 20	csQ10D  BYTE  "  D. Structured Query Language", 0
	   53 74 72 75 63
	   74 75 72 65 64
	   20 51 75 65 72
	   79 20 4C 61 6E
	   67 75 61 67 65
	   00
				
				; ============================================================
				;            MATHEMATICS QUESTIONS (Index 10-19)
				; ============================================================
				
				; --- Math Question 1 ---
 00000CA1 57 68 61 74 20	mQ1     BYTE  "What is 15 multiplied by 13?", 0
	   69 73 20 31 35
	   20 6D 75 6C 74
	   69 70 6C 69 65
	   64 20 62 79 20
	   31 33 3F 00
 00000CBE 20 20 41 2E 20	mQ1A    BYTE  "  A. 185", 0
	   31 38 35 00
 00000CC7 20 20 42 2E 20	mQ1B    BYTE  "  B. 195", 0
	   31 39 35 00
 00000CD0 20 20 43 2E 20	mQ1C    BYTE  "  C. 205", 0
	   32 30 35 00
 00000CD9 20 20 44 2E 20	mQ1D    BYTE  "  D. 175", 0
	   31 37 35 00
				
				; --- Math Question 2 ---
 00000CE2 57 68 61 74 20	mQ2     BYTE  "What is the square root of 144?", 0
	   69 73 20 74 68
	   65 20 73 71 75
	   61 72 65 20 72
	   6F 6F 74 20 6F
	   66 20 31 34 34
	   3F 00
 00000D02 20 20 41 2E 20	mQ2A    BYTE  "  A. 10", 0
	   31 30 00
 00000D0A 20 20 42 2E 20	mQ2B    BYTE  "  B. 14", 0
	   31 34 00
 00000D12 20 20 43 2E 20	mQ2C    BYTE  "  C. 12", 0
	   31 32 00
 00000D1A 20 20 44 2E 20	mQ2D    BYTE  "  D. 16", 0
	   31 36 00
				
				; --- Math Question 3 ---
 00000D22 57 68 61 74 20	mQ3     BYTE  "What is the approximate value of Pi?", 0
	   69 73 20 74 68
	   65 20 61 70 70
	   72 6F 78 69 6D
	   61 74 65 20 76
	   61 6C 75 65 20
	   6F 66 20 50 69
	   3F 00
 00000D47 20 20 41 2E 20	mQ3A    BYTE  "  A. 3.14159", 0
	   33 2E 31 34 31
	   35 39 00
 00000D54 20 20 42 2E 20	mQ3B    BYTE  "  B. 3.15927", 0
	   33 2E 31 35 39
	   32 37 00
 00000D61 20 20 43 2E 20	mQ3C    BYTE  "  C. 2.71828", 0
	   32 2E 37 31 38
	   32 38 00
 00000D6E 20 20 44 2E 20	mQ3D    BYTE  "  D. 1.61803", 0
	   31 2E 36 31 38
	   30 33 00
				
				; --- Math Question 4 ---
 00000D7B 57 68 61 74 20	mQ4     BYTE  "What is 2 raised to the power of 10?", 0
	   69 73 20 32 20
	   72 61 69 73 65
	   64 20 74 6F 20
	   74 68 65 20 70
	   6F 77 65 72 20
	   6F 66 20 31 30
	   3F 00
 00000DA0 20 20 41 2E 20	mQ4A    BYTE  "  A. 512", 0
	   35 31 32 00
 00000DA9 20 20 42 2E 20	mQ4B    BYTE  "  B. 256", 0
	   32 35 36 00
 00000DB2 20 20 43 2E 20	mQ4C    BYTE  "  C. 2048", 0
	   32 30 34 38 00
 00000DBC 20 20 44 2E 20	mQ4D    BYTE  "  D. 1024", 0
	   31 30 32 34 00
				
				; --- Math Question 5 ---
 00000DC6 57 68 61 74 20	mQ5     BYTE  "What is 20 percent of 250?", 0
	   69 73 20 32 30
	   20 70 65 72 63
	   65 6E 74 20 6F
	   66 20 32 35 30
	   3F 00
 00000DE1 20 20 41 2E 20	mQ5A    BYTE  "  A. 40", 0
	   34 30 00
 00000DE9 20 20 42 2E 20	mQ5B    BYTE  "  B. 50", 0
	   35 30 00
 00000DF1 20 20 43 2E 20	mQ5C    BYTE  "  C. 60", 0
	   36 30 00
 00000DF9 20 20 44 2E 20	mQ5D    BYTE  "  D. 45", 0
	   34 35 00
				
				; --- Math Question 6 ---
 00000E01 57 68 61 74 20	mQ6     BYTE  "What is the sum of all angles in a triangle?", 0
	   69 73 20 74 68
	   65 20 73 75 6D
	   20 6F 66 20 61
	   6C 6C 20 61 6E
	   67 6C 65 73 20
	   69 6E 20 61 20
	   74 72 69 61 6E
	   67 6C 65 3F 00
 00000E2E 20 20 41 2E 20	mQ6A    BYTE  "  A. 180 degrees", 0
	   31 38 30 20 64
	   65 67 72 65 65
	   73 00
 00000E3F 20 20 42 2E 20	mQ6B    BYTE  "  B. 360 degrees", 0
	   33 36 30 20 64
	   65 67 72 65 65
	   73 00
 00000E50 20 20 43 2E 20	mQ6C    BYTE  "  C. 90 degrees", 0
	   39 30 20 64 65
	   67 72 65 65 73
	   00
 00000E60 20 20 44 2E 20	mQ6D    BYTE  "  D. 270 degrees", 0
	   32 37 30 20 64
	   65 67 72 65 65
	   73 00
				
				; --- Math Question 7 ---
 00000E71 57 68 61 74 20	mQ7     BYTE  "What is the factorial of 5 (5!)?", 0
	   69 73 20 74 68
	   65 20 66 61 63
	   74 6F 72 69 61
	   6C 20 6F 66 20
	   35 20 28 35 21
	   29 3F 00
 00000E92 20 20 41 2E 20	mQ7A    BYTE  "  A. 60", 0
	   36 30 00
 00000E9A 20 20 42 2E 20	mQ7B    BYTE  "  B. 24", 0
	   32 34 00
 00000EA2 20 20 43 2E 20	mQ7C    BYTE  "  C. 120", 0
	   31 32 30 00
 00000EAB 20 20 44 2E 20	mQ7D    BYTE  "  D. 720", 0
	   37 32 30 00
				
				; --- Math Question 8 ---
 00000EB4 57 68 61 74 20	mQ8     BYTE  "What is the next prime number after 7?", 0
	   69 73 20 74 68
	   65 20 6E 65 78
	   74 20 70 72 69
	   6D 65 20 6E 75
	   6D 62 65 72 20
	   61 66 74 65 72
	   20 37 3F 00
 00000EDB 20 20 41 2E 20	mQ8A    BYTE  "  A. 9", 0
	   39 00
 00000EE2 20 20 42 2E 20	mQ8B    BYTE  "  B. 11", 0
	   31 31 00
 00000EEA 20 20 43 2E 20	mQ8C    BYTE  "  C. 13", 0
	   31 33 00
 00000EF2 20 20 44 2E 20	mQ8D    BYTE  "  D. 8", 0
	   38 00
				
				; --- Math Question 9 ---
 00000EF9 57 68 61 74 20	mQ9     BYTE  "What is the formula for the area of a circle?", 0
	   69 73 20 74 68
	   65 20 66 6F 72
	   6D 75 6C 61 20
	   66 6F 72 20 74
	   68 65 20 61 72
	   65 61 20 6F 66
	   20 61 20 63 69
	   72 63 6C 65 3F
	   00
 00000F27 20 20 41 2E 20	mQ9A    BYTE  "  A. Pi * r * r", 0
	   50 69 20 2A 20
	   72 20 2A 20 72
	   00
 00000F37 20 20 42 2E 20	mQ9B    BYTE  "  B. 2 * Pi * r", 0
	   32 20 2A 20 50
	   69 20 2A 20 72
	   00
 00000F47 20 20 43 2E 20	mQ9C    BYTE  "  C. Pi * d", 0
	   50 69 20 2A 20
	   64 00
 00000F53 20 20 44 2E 20	mQ9D    BYTE  "  D. r * r", 0
	   72 20 2A 20 72
	   00
				
				; --- Math Question 10 ---
 00000F5E 57 68 61 74 20	mQ10    BYTE  "What is the value of 0! (zero factorial)?", 0
	   69 73 20 74 68
	   65 20 76 61 6C
	   75 65 20 6F 66
	   20 30 21 20 28
	   7A 65 72 6F 20
	   66 61 63 74 6F
	   72 69 61 6C 29
	   3F 00
 00000F88 20 20 41 2E 20	mQ10A   BYTE  "  A. 0", 0
	   30 00
 00000F8F 20 20 42 2E 20	mQ10B   BYTE  "  B. Undefined", 0
	   55 6E 64 65 66
	   69 6E 65 64 00
 00000F9E 20 20 43 2E 20	mQ10C   BYTE  "  C. -1", 0
	   2D 31 00
 00000FA6 20 20 44 2E 20	mQ10D   BYTE  "  D. 1", 0
	   31 00
				
				; ============================================================
				;         GENERAL KNOWLEDGE QUESTIONS (Index 20-29)
				; ============================================================
				
				; --- GK Question 1 ---
 00000FAD 57 68 61 74 20	gkQ1    BYTE  "What is the capital city of France?", 0
	   69 73 20 74 68
	   65 20 63 61 70
	   69 74 61 6C 20
	   63 69 74 79 20
	   6F 66 20 46 72
	   61 6E 63 65 3F
	   00
 00000FD1 20 20 41 2E 20	gkQ1A   BYTE  "  A. Paris", 0
	   50 61 72 69 73
	   00
 00000FDC 20 20 42 2E 20	gkQ1B   BYTE  "  B. London", 0
	   4C 6F 6E 64 6F
	   6E 00
 00000FE8 20 20 43 2E 20	gkQ1C   BYTE  "  C. Berlin", 0
	   42 65 72 6C 69
	   6E 00
 00000FF4 20 20 44 2E 20	gkQ1D   BYTE  "  D. Madrid", 0
	   4D 61 64 72 69
	   64 00
				
				; --- GK Question 2 ---
 00001000 57 68 69 63 68	gkQ2    BYTE  "Which is the largest planet in our solar system?", 0
	   20 69 73 20 74
	   68 65 20 6C 61
	   72 67 65 73 74
	   20 70 6C 61 6E
	   65 74 20 69 6E
	   20 6F 75 72 20
	   73 6F 6C 61 72
	   20 73 79 73 74
	   65 6D 3F 00
 00001031 20 20 41 2E 20	gkQ2A   BYTE  "  A. Saturn", 0
	   53 61 74 75 72
	   6E 00
 0000103D 20 20 42 2E 20	gkQ2B   BYTE  "  B. Mars", 0
	   4D 61 72 73 00
 00001047 20 20 43 2E 20	gkQ2C   BYTE  "  C. Jupiter", 0
	   4A 75 70 69 74
	   65 72 00
 00001054 20 20 44 2E 20	gkQ2D   BYTE  "  D. Neptune", 0
	   4E 65 70 74 75
	   6E 65 00
				
				; --- GK Question 3 ---
 00001061 57 68 6F 20 77	gkQ3    BYTE  "Who wrote the play Romeo and Juliet?", 0
	   72 6F 74 65 20
	   74 68 65 20 70
	   6C 61 79 20 52
	   6F 6D 65 6F 20
	   61 6E 64 20 4A
	   75 6C 69 65 74
	   3F 00
 00001086 20 20 41 2E 20	gkQ3A   BYTE  "  A. Charles Dickens", 0
	   43 68 61 72 6C
	   65 73 20 44 69
	   63 6B 65 6E 73
	   00
 0000109B 20 20 42 2E 20	gkQ3B   BYTE  "  B. William Shakespeare", 0
	   57 69 6C 6C 69
	   61 6D 20 53 68
	   61 6B 65 73 70
	   65 61 72 65 00
 000010B4 20 20 43 2E 20	gkQ3C   BYTE  "  C. Jane Austen", 0
	   4A 61 6E 65 20
	   41 75 73 74 65
	   6E 00
 000010C5 20 20 44 2E 20	gkQ3D   BYTE  "  D. Mark Twain", 0
	   4D 61 72 6B 20
	   54 77 61 69 6E
	   00
				
				; --- GK Question 4 ---
 000010D5 57 68 69 63 68	gkQ4    BYTE  "Which is the largest ocean on Earth?", 0
	   20 69 73 20 74
	   68 65 20 6C 61
	   72 67 65 73 74
	   20 6F 63 65 61
	   6E 20 6F 6E 20
	   45 61 72 74 68
	   3F 00
 000010FA 20 20 41 2E 20	gkQ4A   BYTE  "  A. Atlantic Ocean", 0
	   41 74 6C 61 6E
	   74 69 63 20 4F
	   63 65 61 6E 00
 0000110E 20 20 42 2E 20	gkQ4B   BYTE  "  B. Indian Ocean", 0
	   49 6E 64 69 61
	   6E 20 4F 63 65
	   61 6E 00
 00001120 20 20 43 2E 20	gkQ4C   BYTE  "  C. Arctic Ocean", 0
	   41 72 63 74 69
	   63 20 4F 63 65
	   61 6E 00
 00001132 20 20 44 2E 20	gkQ4D   BYTE  "  D. Pacific Ocean", 0
	   50 61 63 69 66
	   69 63 20 4F 63
	   65 61 6E 00
				
				; --- GK Question 5 ---
 00001145 57 68 61 74 20	gkQ5    BYTE  "What is the chemical symbol for Gold?", 0
	   69 73 20 74 68
	   65 20 63 68 65
	   6D 69 63 61 6C
	   20 73 79 6D 62
	   6F 6C 20 66 6F
	   72 20 47 6F 6C
	   64 3F 00
 0000116B 20 20 41 2E 20	gkQ5A   BYTE  "  A. Go", 0
	   47 6F 00
 00001173 20 20 42 2E 20	gkQ5B   BYTE  "  B. Au", 0
	   41 75 00
 0000117B 20 20 43 2E 20	gkQ5C   BYTE  "  C. Ag", 0
	   41 67 00
 00001183 20 20 44 2E 20	gkQ5D   BYTE  "  D. Gd", 0
	   47 64 00
				
				; --- GK Question 6 ---
 0000118B 48 6F 77 20 6D	gkQ6    BYTE  "How many continents are there on Earth?", 0
	   61 6E 79 20 63
	   6F 6E 74 69 6E
	   65 6E 74 73 20
	   61 72 65 20 74
	   68 65 72 65 20
	   6F 6E 20 45 61
	   72 74 68 3F 00
 000011B3 20 20 41 2E 20	gkQ6A   BYTE  "  A. 7", 0
	   37 00
 000011BA 20 20 42 2E 20	gkQ6B   BYTE  "  B. 5", 0
	   35 00
 000011C1 20 20 43 2E 20	gkQ6C   BYTE  "  C. 6", 0
	   36 00
 000011C8 20 20 44 2E 20	gkQ6D   BYTE  "  D. 8", 0
	   38 00
				
				; --- GK Question 7 ---
 000011CF 57 68 61 74 20	gkQ7    BYTE  "What is the approximate speed of light?", 0
	   69 73 20 74 68
	   65 20 61 70 70
	   72 6F 78 69 6D
	   61 74 65 20 73
	   70 65 65 64 20
	   6F 66 20 6C 69
	   67 68 74 3F 00
 000011F7 20 20 41 2E 20	gkQ7A   BYTE  "  A. 150,000 km/s", 0
	   31 35 30 2C 30
	   30 30 20 6B 6D
	   2F 73 00
 00001209 20 20 42 2E 20	gkQ7B   BYTE  "  B. 200,000 km/s", 0
	   32 30 30 2C 30
	   30 30 20 6B 6D
	   2F 73 00
 0000121B 20 20 43 2E 20	gkQ7C   BYTE  "  C. 300,000 km/s", 0
	   33 30 30 2C 30
	   30 30 20 6B 6D
	   2F 73 00
 0000122D 20 20 44 2E 20	gkQ7D   BYTE  "  D. 400,000 km/s", 0
	   34 30 30 2C 30
	   30 30 20 6B 6D
	   2F 73 00
				
				; --- GK Question 8 ---
 0000123F 57 68 69 63 68	gkQ8    BYTE  "Which is the longest river in the world?", 0
	   20 69 73 20 74
	   68 65 20 6C 6F
	   6E 67 65 73 74
	   20 72 69 76 65
	   72 20 69 6E 20
	   74 68 65 20 77
	   6F 72 6C 64 3F
	   00
 00001268 20 20 41 2E 20	gkQ8A   BYTE  "  A. Nile", 0
	   4E 69 6C 65 00
 00001272 20 20 42 2E 20	gkQ8B   BYTE  "  B. Amazon", 0
	   41 6D 61 7A 6F
	   6E 00
 0000127E 20 20 43 2E 20	gkQ8C   BYTE  "  C. Mississippi", 0
	   4D 69 73 73 69
	   73 73 69 70 70
	   69 00
 0000128F 20 20 44 2E 20	gkQ8D   BYTE  "  D. Yangtze", 0
	   59 61 6E 67 74
	   7A 65 00
				
				; --- GK Question 9 ---
 0000129C 57 68 6F 20 77	gkQ9    BYTE  "Who was the first person to walk on the Moon?", 0
	   61 73 20 74 68
	   65 20 66 69 72
	   73 74 20 70 65
	   72 73 6F 6E 20
	   74 6F 20 77 61
	   6C 6B 20 6F 6E
	   20 74 68 65 20
	   4D 6F 6F 6E 3F
	   00
 000012CA 20 20 41 2E 20	gkQ9A   BYTE  "  A. Buzz Aldrin", 0
	   42 75 7A 7A 20
	   41 6C 64 72 69
	   6E 00
 000012DB 20 20 42 2E 20	gkQ9B   BYTE  "  B. Neil Armstrong", 0
	   4E 65 69 6C 20
	   41 72 6D 73 74
	   72 6F 6E 67 00
 000012EF 20 20 43 2E 20	gkQ9C   BYTE  "  C. Yuri Gagarin", 0
	   59 75 72 69 20
	   47 61 67 61 72
	   69 6E 00
 00001301 20 20 44 2E 20	gkQ9D   BYTE  "  D. John Glenn", 0
	   4A 6F 68 6E 20
	   47 6C 65 6E 6E
	   00
				
				; --- GK Question 10 ---
 00001311 57 68 61 74 20	gkQ10   BYTE  "What is the chemical formula for water?", 0
	   69 73 20 74 68
	   65 20 63 68 65
	   6D 69 63 61 6C
	   20 66 6F 72 6D
	   75 6C 61 20 66
	   6F 72 20 77 61
	   74 65 72 3F 00
 00001339 20 20 41 2E 20	gkQ10A  BYTE  "  A. CO2", 0
	   43 4F 32 00
 00001342 20 20 42 2E 20	gkQ10B  BYTE  "  B. NaCl", 0
	   4E 61 43 6C 00
 0000134C 20 20 43 2E 20	gkQ10C  BYTE  "  C. O2", 0
	   4F 32 00
 00001354 20 20 44 2E 20	gkQ10D  BYTE  "  D. H2O", 0
	   48 32 4F 00
				
				; ============================================================
				;              POINTER ARRAYS (for array-based access)
				; ============================================================
				; Each array holds 30 DWORD pointers (10 per category).
				; Index  0- 9 = Computer Science
				; Index 10-19 = Mathematics
				; Index 20-29 = General Knowledge
				; ============================================================
				
				; --- Array of pointers to question strings ---
 0000135D 0000082A R		allQ  DWORD OFFSET csQ1,  OFFSET csQ2,  OFFSET csQ3,  OFFSET csQ4,  OFFSET csQ5
	   000008B2 R
	   00000931 R
	   00000993 R
	   000009EC R
 00001371  00000A84 R		      DWORD OFFSET csQ6,  OFFSET csQ7,  OFFSET csQ8,  OFFSET csQ9,  OFFSET csQ10
	   00000AE2 R
	   00000B42 R
	   00000BD5 R
	   00000C12 R
 00001385  00000CA1 R		      DWORD OFFSET mQ1,   OFFSET mQ2,   OFFSET mQ3,   OFFSET mQ4,   OFFSET mQ5
	   00000CE2 R
	   00000D22 R
	   00000D7B R
	   00000DC6 R
 00001399  00000E01 R		      DWORD OFFSET mQ6,   OFFSET mQ7,   OFFSET mQ8,   OFFSET mQ9,   OFFSET mQ10
	   00000E71 R
	   00000EB4 R
	   00000EF9 R
	   00000F5E R
 000013AD  00000FAD R		      DWORD OFFSET gkQ1,  OFFSET gkQ2,  OFFSET gkQ3,  OFFSET gkQ4,  OFFSET gkQ5
	   00001000 R
	   00001061 R
	   000010D5 R
	   00001145 R
 000013C1  0000118B R		      DWORD OFFSET gkQ6,  OFFSET gkQ7,  OFFSET gkQ8,  OFFSET gkQ9,  OFFSET gkQ10
	   000011CF R
	   0000123F R
	   0000129C R
	   00001311 R
				
				; --- Array of pointers to Option A strings ---
 000013D5 00000843 R		allA  DWORD OFFSET csQ1A, OFFSET csQ2A, OFFSET csQ3A, OFFSET csQ4A, OFFSET csQ5A
	   000008CB R
	   00000964 R
	   000009C4 R
	   00000A06 R
 000013E9  00000AB5 R		      DWORD OFFSET csQ6A, OFFSET csQ7A, OFFSET csQ8A, OFFSET csQ9A, OFFSET csQ10A
	   00000B0D R
	   00000B5B R
	   00000BF4 R
	   00000C2B R
 000013FD  00000CBE R		      DWORD OFFSET mQ1A,  OFFSET mQ2A,  OFFSET mQ3A,  OFFSET mQ4A,  OFFSET mQ5A
	   00000D02 R
	   00000D47 R
	   00000DA0 R
	   00000DE1 R
 00001411  00000E2E R		      DWORD OFFSET mQ6A,  OFFSET mQ7A,  OFFSET mQ8A,  OFFSET mQ9A,  OFFSET mQ10A
	   00000E92 R
	   00000EDB R
	   00000F27 R
	   00000F88 R
 00001425  00000FD1 R		      DWORD OFFSET gkQ1A, OFFSET gkQ2A, OFFSET gkQ3A, OFFSET gkQ4A, OFFSET gkQ5A
	   00001031 R
	   00001086 R
	   000010FA R
	   0000116B R
 00001439  000011B3 R		      DWORD OFFSET gkQ6A, OFFSET gkQ7A, OFFSET gkQ8A, OFFSET gkQ9A, OFFSET gkQ10A
	   000011F7 R
	   00001268 R
	   000012CA R
	   00001339 R
				
				; --- Array of pointers to Option B strings ---
 0000144D 0000085D R		allB  DWORD OFFSET csQ1B, OFFSET csQ2B, OFFSET csQ3B, OFFSET csQ4B, OFFSET csQ5B
	   000008E5 R
	   00000971 R
	   000009CE R
	   00000A26 R
 00001461  00000ABE R		      DWORD OFFSET csQ6B, OFFSET csQ7B, OFFSET csQ8B, OFFSET csQ9B, OFFSET csQ10B
	   00000B1A R
	   00000B79 R
	   00000BFB R
	   00000C46 R
 00001475  00000CC7 R		      DWORD OFFSET mQ1B,  OFFSET mQ2B,  OFFSET mQ3B,  OFFSET mQ4B,  OFFSET mQ5B
	   00000D0A R
	   00000D54 R
	   00000DA9 R
	   00000DE9 R
 00001489  00000E3F R		      DWORD OFFSET mQ6B,  OFFSET mQ7B,  OFFSET mQ8B,  OFFSET mQ9B,  OFFSET mQ10B
	   00000E9A R
	   00000EE2 R
	   00000F37 R
	   00000F8F R
 0000149D  00000FDC R		      DWORD OFFSET gkQ1B, OFFSET gkQ2B, OFFSET gkQ3B, OFFSET gkQ4B, OFFSET gkQ5B
	   0000103D R
	   0000109B R
	   0000110E R
	   00001173 R
 000014B1  000011BA R		      DWORD OFFSET gkQ6B, OFFSET gkQ7B, OFFSET gkQ8B, OFFSET gkQ9B, OFFSET gkQ10B
	   00001209 R
	   00001272 R
	   000012DB R
	   00001342 R
				
				; --- Array of pointers to Option C strings ---
 000014C5 0000087A R		allC  DWORD OFFSET csQ1C, OFFSET csQ2C, OFFSET csQ3C, OFFSET csQ4C, OFFSET csQ5C
	   000008FD R
	   0000097C R
	   000009D8 R
	   00000A46 R
 000014D9  00000AC8 R		      DWORD OFFSET csQ6C, OFFSET csQ7C, OFFSET csQ8C, OFFSET csQ9C, OFFSET csQ10C
	   00000B27 R
	   00000B96 R
	   00000C02 R
	   00000C65 R
 000014ED  00000CD0 R		      DWORD OFFSET mQ1C,  OFFSET mQ2C,  OFFSET mQ3C,  OFFSET mQ4C,  OFFSET mQ5C
	   00000D12 R
	   00000D61 R
	   00000DB2 R
	   00000DF1 R
 00001501  00000E50 R		      DWORD OFFSET mQ6C,  OFFSET mQ7C,  OFFSET mQ8C,  OFFSET mQ9C,  OFFSET mQ10C
	   00000EA2 R
	   00000EEA R
	   00000F47 R
	   00000F9E R
 00001515  00000FE8 R		      DWORD OFFSET gkQ1C, OFFSET gkQ2C, OFFSET gkQ3C, OFFSET gkQ4C, OFFSET gkQ5C
	   00001047 R
	   000010B4 R
	   00001120 R
	   0000117B R
 00001529  000011C1 R		      DWORD OFFSET gkQ6C, OFFSET gkQ7C, OFFSET gkQ8C, OFFSET gkQ9C, OFFSET gkQ10C
	   0000121B R
	   0000127E R
	   000012EF R
	   0000134C R
				
				; --- Array of pointers to Option D strings ---
 0000153D 00000895 R		allD  DWORD OFFSET csQ1D, OFFSET csQ2D, OFFSET csQ3D, OFFSET csQ4D, OFFSET csQ5D
	   00000914 R
	   00000987 R
	   000009E2 R
	   00000A65 R
 00001551  00000AD6 R		      DWORD OFFSET csQ6D, OFFSET csQ7D, OFFSET csQ8D, OFFSET csQ9D, OFFSET csQ10D
	   00000B35 R
	   00000BB5 R
	   00000C0A R
	   00000C82 R
 00001565  00000CD9 R		      DWORD OFFSET mQ1D,  OFFSET mQ2D,  OFFSET mQ3D,  OFFSET mQ4D,  OFFSET mQ5D
	   00000D1A R
	   00000D6E R
	   00000DBC R
	   00000DF9 R
 00001579  00000E60 R		      DWORD OFFSET mQ6D,  OFFSET mQ7D,  OFFSET mQ8D,  OFFSET mQ9D,  OFFSET mQ10D
	   00000EAB R
	   00000EF2 R
	   00000F53 R
	   00000FA6 R
 0000158D  00000FF4 R		      DWORD OFFSET gkQ1D, OFFSET gkQ2D, OFFSET gkQ3D, OFFSET gkQ4D, OFFSET gkQ5D
	   00001054 R
	   000010C5 R
	   00001132 R
	   00001183 R
 000015A1  000011C8 R		      DWORD OFFSET gkQ6D, OFFSET gkQ7D, OFFSET gkQ8D, OFFSET gkQ9D, OFFSET gkQ10D
	   0000122D R
	   0000128F R
	   00001301 R
	   00001354 R
				
				; ============================================================
				;                   CORRECT ANSWERS ARRAY
				; ============================================================
				; Stores the correct answer letter for each of the 30 questions.
				; Index  0- 9 = CS answers
				; Index 10-19 = Math answers
				; Index 20-29 = GK answers
				; ============================================================
 000015B5 42 41 44 43 42	answers BYTE 'B','A','D','C','B','A','C','A','B','D'     ; CS
	   41 43 41 42 44
 000015BF  42 43 41 44 42	        BYTE 'B','C','A','D','B','A','C','B','A','D'     ; Math
	   41 43 42 41 44
 000015C9  41 43 42 44 42	        BYTE 'A','C','B','D','B','A','C','A','B','D'     ; GK
	   41 43 41 42 44
				
				; ============================================================
				;                      CODE SECTION
				; ============================================================
 00000000			.code
				
				; ============================================================
				;  main - Entry point of the program
				;  Purpose: Initializes RNG, gets user name, runs main loop
				; ============================================================
 00000000			main PROC
				
 00000000  E8 00000000 E	    call Randomize              ; Seed the random number generator
 00000005  E8 00000058		    call ClearScreen            ; Clear the console
 0000000A  E8 00000059		    call GetUserName            ; Ask for and store player name
				
 0000000F			mainMenuLoop:
 0000000F  E8 000000D7		    call MainMenu               ; Display menu, returns choice in EAX
				
 00000014  83 F8 01		    cmp  eax, 1                 ; Option 1: Start Quiz
 00000017  74 11		    je   doStartQuiz
 00000019  83 F8 02		    cmp  eax, 2                 ; Option 2: Instructions
 0000001C  74 31		    je   doInstructions
 0000001E  83 F8 03		    cmp  eax, 3                 ; Option 3: About
 00000021  74 33		    je   doAbout
 00000023  83 F8 04		    cmp  eax, 4                 ; Option 4: Exit
 00000026  74 35		    je   doExit
 00000028  EB E5		    jmp  mainMenuLoop           ; Invalid (shouldn't happen), loop back
				
 0000002A			doStartQuiz:
 0000002A  E8 00000194		    call SelectCategory         ; Let user pick a category
 0000002F  E8 00000295		    call SelectDifficulty       ; Let user pick difficulty level
 00000034  E8 00000396		    call StartQuiz              ; Run the quiz
 00000039  E8 000006FA		    call ShowResult             ; Display results and grade
 0000003E  E8 00000A95		    call ReplayMenu             ; Ask what to do next (returns in EAX)
				
 00000043  83 F8 01		    cmp  eax, 1                 ; 1 = Play Again
 00000046  74 E2		    je   doStartQuiz
 00000048  83 F8 03		    cmp  eax, 3                 ; 3 = Exit
 0000004B  74 10		    je   doExit
 0000004D  EB C0		    jmp  mainMenuLoop           ; 2 = Main Menu (default)
				
 0000004F			doInstructions:
 0000004F  E8 000008D4		    call ShowInstructions       ; Display instructions screen
 00000054  EB B9		    jmp  mainMenuLoop           ; Return to main menu
				
 00000056			doAbout:
 00000056  E8 000009C3		    call ShowAbout              ; Display about screen
 0000005B  EB B2		    jmp  mainMenuLoop           ; Return to main menu
				
 0000005D			doExit:
 0000005D  E8 00000B3A		    call ExitProgram            ; Display goodbye and exit
				
 00000062			main ENDP
				
				; ============================================================
				;  ClearScreen - Clears the console screen
				;  Purpose: Wrapper around Irvine32's Clrscr
				; ============================================================
 00000062			ClearScreen PROC
 00000062  E8 00000000 E	    call Clrscr
 00000067  C3			    ret
 00000068			ClearScreen ENDP
				
				; ============================================================
				;  GetUserName - Asks for and stores the player's name
				;  Purpose: Displays welcome screen and reads name input
				;  Output:  userName buffer is filled with the player's name
				; ============================================================
 00000068			GetUserName PROC
				
				    ; --- Display Welcome Banner ---
 00000068  B8 0000000E		    mov  eax, CLR_YELLOW
 0000006D  E8 00000000 E	    call SetTextColor
				
 00000072  BA 0000016F R	    mov  edx, OFFSET welc1         ; Top border
 00000077  E8 00000000 E	    call WriteString
 0000007C  E8 00000000 E	    call Crlf
 00000081  BA 000001A0 R	    mov  edx, OFFSET welc2         ; Blank line
 00000086  E8 00000000 E	    call WriteString
 0000008B  E8 00000000 E	    call Crlf
 00000090  BA 000001D1 R	    mov  edx, OFFSET welc3         ; Title text
 00000095  E8 00000000 E	    call WriteString
 0000009A  E8 00000000 E	    call Crlf
 0000009F  BA 00000201 R	    mov  edx, OFFSET welc4         ; Version
 000000A4  E8 00000000 E	    call WriteString
 000000A9  E8 00000000 E	    call Crlf
 000000AE  BA 00000232 R	    mov  edx, OFFSET welc5         ; Bottom border
 000000B3  E8 00000000 E	    call WriteString
 000000B8  E8 00000000 E	    call Crlf
 000000BD  E8 00000000 E	    call Crlf
				
				    ; --- Prompt for Name ---
 000000C2  B8 0000000F		    mov  eax, CLR_WHITE
 000000C7  E8 00000000 E	    call SetTextColor
 000000CC  BA 00000089 R	    mov  edx, OFFSET promptName    ; "Enter your name: "
 000000D1  E8 00000000 E	    call WriteString
				
				    ; Read the name string into userName buffer
 000000D6  BA 00000000 R	    mov  edx, OFFSET userName
 000000DB  B9 00000020		    mov  ecx, MAX_NAME             ; Max characters to read
 000000E0  E8 00000000 E	    call ReadString                ; Reads until Enter is pressed
				
 000000E5  E8 00000000 E	    call Crlf
 000000EA  C3			    ret
				
 000000EB			GetUserName ENDP
				
				; ============================================================
				;  MainMenu - Displays the main menu and gets user choice
				;  Purpose: Shows 4 options and validates input
				;  Output:  EAX = user choice (1, 2, 3, or 4)
				; ============================================================
 000000EB			MainMenu PROC
				
 000000EB  E8 FFFFFF72		    call ClearScreen
				
				    ; --- Display Menu Header ---
 000000F0  B8 0000000E		    mov  eax, CLR_YELLOW
 000000F5  E8 00000000 E	    call SetTextColor
 000000FA  BA 00000058 R	    mov  edx, OFFSET separator
 000000FF  E8 00000000 E	    call WriteString
 00000104  E8 00000000 E	    call Crlf
 00000109  BA 00000263 R	    mov  edx, OFFSET menuTitle     ; "MAIN MENU"
 0000010E  E8 00000000 E	    call WriteString
 00000113  E8 00000000 E	    call Crlf
 00000118  BA 00000058 R	    mov  edx, OFFSET separator
 0000011D  E8 00000000 E	    call WriteString
 00000122  E8 00000000 E	    call Crlf
 00000127  E8 00000000 E	    call Crlf
				
				    ; --- Display Menu Options ---
 0000012C  B8 0000000F		    mov  eax, CLR_WHITE
 00000131  E8 00000000 E	    call SetTextColor
				
 00000136  BA 0000027C R	    mov  edx, OFFSET menuOpt1     ; "1. Start Quiz"
 0000013B  E8 00000000 E	    call WriteString
 00000140  E8 00000000 E	    call Crlf
 00000145  BA 0000028C R	    mov  edx, OFFSET menuOpt2     ; "2. Instructions"
 0000014A  E8 00000000 E	    call WriteString
 0000014F  E8 00000000 E	    call Crlf
 00000154  BA 0000029E R	    mov  edx, OFFSET menuOpt3     ; "3. About Project"
 00000159  E8 00000000 E	    call WriteString
 0000015E  E8 00000000 E	    call Crlf
 00000163  BA 000002B1 R	    mov  edx, OFFSET menuOpt4     ; "4. Exit"
 00000168  E8 00000000 E	    call WriteString
 0000016D  E8 00000000 E	    call Crlf
 00000172  E8 00000000 E	    call Crlf
				
				    ; --- Get and Validate Input ---
 00000177			menuInput:
 00000177  BA 0000009D R	    mov  edx, OFFSET choicePrompt  ; "Enter your choice: "
 0000017C  E8 00000000 E	    call WriteString
 00000181  E8 00000000 E	    call ReadChar                  ; Read single character into AL
 00000186  E8 00000000 E	    call WriteChar                 ; Echo the character
 0000018B  E8 00000000 E	    call Crlf
				
				    ; Validate: must be '1', '2', '3', or '4'
 00000190  3C 31		    cmp  al, '1'
 00000192  72 0A		    jb   menuInvalid
 00000194  3C 34		    cmp  al, '4'
 00000196  77 06		    ja   menuInvalid
				
				    ; Convert ASCII to number and return in EAX
 00000198  2C 30		    sub  al, '0'                   ; '1'->1, '2'->2, etc.
 0000019A  0F B6 C0		    movzx eax, al                  ; Zero-extend to 32 bits
 0000019D  C3			    ret
				
 0000019E			menuInvalid:
				    ; Show error message in red
 0000019E  B8 0000000C		    mov  eax, CLR_RED
 000001A3  E8 00000000 E	    call SetTextColor
 000001A8  BA 000000CD R	    mov  edx, OFFSET invalidMsg
 000001AD  E8 00000000 E	    call WriteString
 000001B2  E8 00000000 E	    call Crlf
 000001B7  B8 0000000F		    mov  eax, CLR_WHITE
 000001BC  E8 00000000 E	    call SetTextColor
 000001C1  EB B4		    jmp  menuInput                 ; Ask again
				
 000001C3			MainMenu ENDP
				
				; ============================================================
				;  SelectCategory - Lets the user choose a quiz category
				;  Purpose: Sets categoryBase (0, 10, or 20) and catChoice
				;  Output:  catChoice = 1/2/3, categoryBase = 0/10/20
				; ============================================================
 000001C3			SelectCategory PROC
				
 000001C3  E8 FFFFFE9A		    call ClearScreen
				
				    ; --- Display Category Header ---
 000001C8  B8 0000000E		    mov  eax, CLR_YELLOW
 000001CD  E8 00000000 E	    call SetTextColor
 000001D2  BA 00000058 R	    mov  edx, OFFSET separator
 000001D7  E8 00000000 E	    call WriteString
 000001DC  E8 00000000 E	    call Crlf
 000001E1  BA 000002BB R	    mov  edx, OFFSET catTitle      ; "SELECT CATEGORY"
 000001E6  E8 00000000 E	    call WriteString
 000001EB  E8 00000000 E	    call Crlf
 000001F0  BA 00000058 R	    mov  edx, OFFSET separator
 000001F5  E8 00000000 E	    call WriteString
 000001FA  E8 00000000 E	    call Crlf
 000001FF  E8 00000000 E	    call Crlf
				
				    ; --- Display Options ---
 00000204  B8 0000000F		    mov  eax, CLR_WHITE
 00000209  E8 00000000 E	    call SetTextColor
				
 0000020E  BA 000002D7 R	    mov  edx, OFFSET catOpt1      ; "1. Computer Science"
 00000213  E8 00000000 E	    call WriteString
 00000218  E8 00000000 E	    call Crlf
 0000021D  BA 000002ED R	    mov  edx, OFFSET catOpt2      ; "2. Mathematics"
 00000222  E8 00000000 E	    call WriteString
 00000227  E8 00000000 E	    call Crlf
 0000022C  BA 000002FE R	    mov  edx, OFFSET catOpt3      ; "3. General Knowledge"
 00000231  E8 00000000 E	    call WriteString
 00000236  E8 00000000 E	    call Crlf
 0000023B  E8 00000000 E	    call Crlf
				
				    ; --- Get and Validate Input ---
 00000240			catInput:
 00000240  BA 0000009D R	    mov  edx, OFFSET choicePrompt
 00000245  E8 00000000 E	    call WriteString
 0000024A  E8 00000000 E	    call ReadChar
 0000024F  E8 00000000 E	    call WriteChar
 00000254  E8 00000000 E	    call Crlf
				
 00000259  3C 31		    cmp  al, '1'
 0000025B  74 2D		    je   catCS
 0000025D  3C 32		    cmp  al, '2'
 0000025F  74 3E		    je   catMath
 00000261  3C 33		    cmp  al, '3'
 00000263  74 4F		    je   catGK
				
				    ; Invalid input
 00000265  B8 0000000C		    mov  eax, CLR_RED
 0000026A  E8 00000000 E	    call SetTextColor
 0000026F  BA 000000CD R	    mov  edx, OFFSET invalidMsg
 00000274  E8 00000000 E	    call WriteString
 00000279  E8 00000000 E	    call Crlf
 0000027E  B8 0000000F		    mov  eax, CLR_WHITE
 00000283  E8 00000000 E	    call SetTextColor
 00000288  EB B6		    jmp  catInput
				
 0000028A			catCS:
 0000028A  C7 05 00000038 R	    mov  catChoice, 1
	   00000001
 00000294  C7 05 00000034 R	    mov  categoryBase, 0           ; CS starts at index 0
	   00000000
 0000029E  C3			    ret
				
 0000029F			catMath:
 0000029F  C7 05 00000038 R	    mov  catChoice, 2
	   00000002
 000002A9  C7 05 00000034 R	    mov  categoryBase, 10          ; Math starts at index 10
	   0000000A
 000002B3  C3			    ret
				
 000002B4			catGK:
 000002B4  C7 05 00000038 R	    mov  catChoice, 3
	   00000003
 000002BE  C7 05 00000034 R	    mov  categoryBase, 20          ; GK starts at index 20
	   00000014
 000002C8  C3			    ret
				
 000002C9			SelectCategory ENDP
				
				; ============================================================
				;  SelectDifficulty - Lets the user choose a difficulty level
				;  Purpose: Sets numQuestions (5, 8, or 10) and diffChoice
				;  Output:  diffChoice = 1/2/3, numQuestions = 5/8/10
				; ============================================================
 000002C9			SelectDifficulty PROC
				
 000002C9  E8 FFFFFD94		    call ClearScreen
				
				    ; --- Display Difficulty Header ---
 000002CE  B8 0000000E		    mov  eax, CLR_YELLOW
 000002D3  E8 00000000 E	    call SetTextColor
 000002D8  BA 00000058 R	    mov  edx, OFFSET separator
 000002DD  E8 00000000 E	    call WriteString
 000002E2  E8 00000000 E	    call Crlf
 000002E7  BA 00000315 R	    mov  edx, OFFSET diffTitle     ; "SELECT DIFFICULTY"
 000002EC  E8 00000000 E	    call WriteString
 000002F1  E8 00000000 E	    call Crlf
 000002F6  BA 00000058 R	    mov  edx, OFFSET separator
 000002FB  E8 00000000 E	    call WriteString
 00000300  E8 00000000 E	    call Crlf
 00000305  E8 00000000 E	    call Crlf
				
				    ; --- Display Options ---
 0000030A  B8 0000000F		    mov  eax, CLR_WHITE
 0000030F  E8 00000000 E	    call SetTextColor
				
 00000314  BA 00000332 R	    mov  edx, OFFSET diffOpt1     ; "1. Easy (5 Questions)"
 00000319  E8 00000000 E	    call WriteString
 0000031E  E8 00000000 E	    call Crlf
 00000323  BA 0000034E R	    mov  edx, OFFSET diffOpt2     ; "2. Medium (8 Questions)"
 00000328  E8 00000000 E	    call WriteString
 0000032D  E8 00000000 E	    call Crlf
 00000332  BA 0000036A R	    mov  edx, OFFSET diffOpt3     ; "3. Hard (10 Questions)"
 00000337  E8 00000000 E	    call WriteString
 0000033C  E8 00000000 E	    call Crlf
 00000341  E8 00000000 E	    call Crlf
				
				    ; --- Get and Validate Input ---
 00000346			diffInput:
 00000346  BA 0000009D R	    mov  edx, OFFSET choicePrompt
 0000034B  E8 00000000 E	    call WriteString
 00000350  E8 00000000 E	    call ReadChar
 00000355  E8 00000000 E	    call WriteChar
 0000035A  E8 00000000 E	    call Crlf
				
 0000035F  3C 31		    cmp  al, '1'
 00000361  74 2D		    je   diffEasy
 00000363  3C 32		    cmp  al, '2'
 00000365  74 3E		    je   diffMedium
 00000367  3C 33		    cmp  al, '3'
 00000369  74 4F		    je   diffHard
				
				    ; Invalid input
 0000036B  B8 0000000C		    mov  eax, CLR_RED
 00000370  E8 00000000 E	    call SetTextColor
 00000375  BA 000000CD R	    mov  edx, OFFSET invalidMsg
 0000037A  E8 00000000 E	    call WriteString
 0000037F  E8 00000000 E	    call Crlf
 00000384  B8 0000000F		    mov  eax, CLR_WHITE
 00000389  E8 00000000 E	    call SetTextColor
 0000038E  EB B6		    jmp  diffInput
				
 00000390			diffEasy:
 00000390  C7 05 0000003C R	    mov  diffChoice, 1
	   00000001
 0000039A  C7 05 00000030 R	    mov  numQuestions, 5           ; Easy = 5 questions
	   00000005
 000003A4  C3			    ret
				
 000003A5			diffMedium:
 000003A5  C7 05 0000003C R	    mov  diffChoice, 2
	   00000002
 000003AF  C7 05 00000030 R	    mov  numQuestions, 8           ; Medium = 8 questions
	   00000008
 000003B9  C3			    ret
				
 000003BA			diffHard:
 000003BA  C7 05 0000003C R	    mov  diffChoice, 3
	   00000003
 000003C4  C7 05 00000030 R	    mov  numQuestions, 10          ; Hard = 10 questions
	   0000000A
 000003CE  C3			    ret
				
 000003CF			SelectDifficulty ENDP
				
				; ============================================================
				;  StartQuiz - Runs the quiz loop
				;  Purpose: Initializes score, loops through questions,
				;           calls helper procedures for each question
				; ============================================================
 000003CF			StartQuiz PROC
				
				    ; --- Initialize Quiz Variables ---
 000003CF  C7 05 00000020 R	    mov  score, 0
	   00000000
 000003D9  C7 05 00000024 R	    mov  correctCount, 0
	   00000000
 000003E3  C7 05 00000028 R	    mov  wrongCount, 0
	   00000000
 000003ED  C7 05 0000002C R	    mov  currentQNum, 0
	   00000000
				
				    ; --- Clear the usedQuestions tracking array ---
				    ; Set all 10 bytes to 0 (available)
 000003F7  B9 0000000A		    mov  ecx, NUM_PER_CAT          ; Loop 10 times
 000003FC  8D 35 0000004E R	    lea  esi, usedQuestions        ; Point to the array
 00000402  32 C0		    xor  al, al                    ; AL = 0
 00000404			clearLoop:
 00000404  88 06		    mov  [esi], al                 ; Set element to 0
 00000406  46			    inc  esi                       ; Move to next byte
 00000407  E2 FB		    loop clearLoop                 ; Repeat until ECX = 0
				
				    ; --- Calculate Maximum Score ---
 00000409  A1 00000030 R	    mov  eax, numQuestions
 0000040E  6B C0 0A		    imul eax, PTS_CORRECT          ; maxScore = numQuestions * 10
 00000411  A3 00000044 R	    mov  maxScore, eax
				
				    ; --- Quiz Loop ---
				    ; We use a manual counter because ECX is modified by procedures
 00000416  8B 0D 00000030 R	    mov  ecx, numQuestions         ; Set loop counter
				
 0000041C			quizLoop:
 0000041C  51			    push ecx                      ; Save loop counter on stack
				
 0000041D  FF 05 0000002C R	    inc  currentQNum               ; Increment question number
				
 00000423  E8 FFFFFC3A		    call ClearScreen               ; Clear screen for new question
 00000428  E8 00000035		    call RandomQuestionGenerator   ; Get random question (result in EAX)
 0000042D  A3 00000048 R	    mov  currentQIdx, eax          ; Store the question index
				
 00000432  E8 0000004E		    call DisplayQuestion           ; Show the question and options
 00000437  E8 00000158		    call GetAnswer                 ; Get user's answer (A/B/C/D)
 0000043C  E8 000001B3		    call CheckAnswer               ; Check if answer is correct
 00000441  E8 00000222		    call UpdateScore               ; Update score and counters
				
				    ; --- Pause before next question ---
 00000446  E8 00000000 E	    call Crlf
 0000044B  BA 0000014A R	    mov  edx, OFFSET pressKey      ; "Press any key to continue..."
 00000450  E8 00000000 E	    call WriteString
 00000455  E8 00000000 E	    call ReadChar                  ; Wait for keypress
				
 0000045A  59			    pop  ecx                       ; Restore loop counter
 0000045B  49			    dec  ecx                       ; Decrement manually
 0000045C  83 F9 00		    cmp  ecx, 0                    ; Check if done
 0000045F  7F BB		    jg   quizLoop                  ; If counter > 0, continue
				
 00000461  C3			    ret
				
 00000462			StartQuiz ENDP
				
				; ============================================================
				;  RandomQuestionGenerator - Picks a random unused question
				;  Purpose: Generates a random index within the category
				;           that hasn't been used yet in this quiz session
				;  Output:  EAX = absolute question index (0-29)
				;  Uses:    usedQuestions array, categoryBase variable
				; ============================================================
 00000462			RandomQuestionGenerator PROC
				
 00000462  53			    push ebx                       ; Save EBX
				
 00000463			tryAgain:
				    ; Generate random number from 0 to 9
 00000463  B8 0000000A		    mov  eax, NUM_PER_CAT          ; EAX = 10 (range)
 00000468  E8 00000000 E	    call RandomRange               ; EAX = random number 0-9
				
				    ; Check if this question index is already used
 0000046D  8D 1D 0000004E R	    lea  ebx, usedQuestions        ; EBX = address of tracking array
 00000473  80 3C 18 01		    cmp  BYTE PTR [ebx + eax], 1  ; Is it used?
 00000477  74 EA		    je   tryAgain                  ; If yes, generate another random
				
				    ; Mark this question as used
 00000479  C6 04 18 01		    mov  BYTE PTR [ebx + eax], 1
				
				    ; Calculate absolute index: categoryBase + random offset
 0000047D  03 05 00000034 R	    add  eax, categoryBase         ; EAX = absolute question index
				
 00000483  5B			    pop  ebx                       ; Restore EBX
 00000484  C3			    ret
				
 00000485			RandomQuestionGenerator ENDP
				
				; ============================================================
				;  DisplayQuestion - Shows the current question with options
				;  Purpose: Displays question number, score, question text,
				;           and all four answer options
				;  Input:   currentQIdx, currentQNum, numQuestions, score
				; ============================================================
 00000485			DisplayQuestion PROC
				
				    ; --- Display Quiz Progress ---
 00000485  B8 0000000B		    mov  eax, CLR_CYAN
 0000048A  E8 00000000 E	    call SetTextColor
				
 0000048F  BA 00000387 R	    mov  edx, OFFSET qNumMsg      ; "Question "
 00000494  E8 00000000 E	    call WriteString
 00000499  A1 0000002C R	    mov  eax, currentQNum          ; Display current question number
 0000049E  E8 00000000 E	    call WriteDec
 000004A3  BA 00000393 R	    mov  edx, OFFSET ofMsg         ; " of "
 000004A8  E8 00000000 E	    call WriteString
 000004AD  A1 00000030 R	    mov  eax, numQuestions         ; Display total questions
 000004B2  E8 00000000 E	    call WriteDec
 000004B7  E8 00000000 E	    call Crlf
				
				    ; --- Display Current Score ---
 000004BC  BA 00000398 R	    mov  edx, OFFSET scoreMsg     ; "Current Score: "
 000004C1  E8 00000000 E	    call WriteString
 000004C6  A1 00000020 R	    mov  eax, score
 000004CB  E8 00000000 E	    call WriteDec
 000004D0  E8 00000000 E	    call Crlf
 000004D5  E8 00000000 E	    call Crlf
				
				    ; --- Display Separator ---
 000004DA  B8 0000000F		    mov  eax, CLR_WHITE
 000004DF  E8 00000000 E	    call SetTextColor
 000004E4  BA 00000058 R	    mov  edx, OFFSET separator
 000004E9  E8 00000000 E	    call WriteString
 000004EE  E8 00000000 E	    call Crlf
				
				    ; --- Display Question Text (in yellow) ---
 000004F3  B8 0000000E		    mov  eax, CLR_YELLOW
 000004F8  E8 00000000 E	    call SetTextColor
				
				    ; Access question string from pointer array:
				    ; allQ[currentQIdx * 4] gives us the pointer to the string
 000004FD  BE 0000135D R	    mov  esi, OFFSET allQ          ; ESI = base of question pointer array
 00000502  A1 00000048 R	    mov  eax, currentQIdx          ; EAX = question index
 00000507  8B 14 86		    mov  edx, [esi + eax * 4]     ; EDX = pointer to question string
 0000050A  E8 00000000 E	    call WriteString
 0000050F  E8 00000000 E	    call Crlf
 00000514  E8 00000000 E	    call Crlf
				
				    ; --- Display Options (in white) ---
 00000519  B8 0000000F		    mov  eax, CLR_WHITE
 0000051E  E8 00000000 E	    call SetTextColor
				
				    ; Option A
 00000523  BE 000013D5 R	    mov  esi, OFFSET allA
 00000528  A1 00000048 R	    mov  eax, currentQIdx
 0000052D  8B 14 86		    mov  edx, [esi + eax * 4]
 00000530  E8 00000000 E	    call WriteString
 00000535  E8 00000000 E	    call Crlf
				
				    ; Option B
 0000053A  BE 0000144D R	    mov  esi, OFFSET allB
 0000053F  A1 00000048 R	    mov  eax, currentQIdx
 00000544  8B 14 86		    mov  edx, [esi + eax * 4]
 00000547  E8 00000000 E	    call WriteString
 0000054C  E8 00000000 E	    call Crlf
				
				    ; Option C
 00000551  BE 000014C5 R	    mov  esi, OFFSET allC
 00000556  A1 00000048 R	    mov  eax, currentQIdx
 0000055B  8B 14 86		    mov  edx, [esi + eax * 4]
 0000055E  E8 00000000 E	    call WriteString
 00000563  E8 00000000 E	    call Crlf
				
				    ; Option D
 00000568  BE 0000153D R	    mov  esi, OFFSET allD
 0000056D  A1 00000048 R	    mov  eax, currentQIdx
 00000572  8B 14 86		    mov  edx, [esi + eax * 4]
 00000575  E8 00000000 E	    call WriteString
 0000057A  E8 00000000 E	    call Crlf
				
				    ; --- Separator ---
 0000057F  BA 00000058 R	    mov  edx, OFFSET separator
 00000584  E8 00000000 E	    call WriteString
 00000589  E8 00000000 E	    call Crlf
 0000058E  E8 00000000 E	    call Crlf
				
 00000593  C3			    ret
				
 00000594			DisplayQuestion ENDP
				
				; ============================================================
				;  GetAnswer - Reads the user's answer (A, B, C, or D)
				;  Purpose: Prompts user, reads a character, converts to
				;           uppercase, and validates it
				;  Output:  userAnswer = validated uppercase letter (A-D)
				; ============================================================
 00000594			GetAnswer PROC
				
 00000594			getAnsLoop:
 00000594  B8 0000000F		    mov  eax, CLR_WHITE
 00000599  E8 00000000 E	    call SetTextColor
 0000059E  BA 000000B3 R	    mov  edx, OFFSET ansPrompt     ; "Your Answer (A/B/C/D): "
 000005A3  E8 00000000 E	    call WriteString
				
 000005A8  E8 00000000 E	    call ReadChar                  ; Read character into AL
				
				    ; Save character before echoing (in case WriteChar modifies AL)
 000005AD  50			    push eax
 000005AE  E8 00000000 E	    call WriteChar                 ; Echo the character
 000005B3  E8 00000000 E	    call Crlf
 000005B8  58			    pop  eax                       ; Restore character
				
				    ; --- Convert lowercase to uppercase ---
 000005B9  3C 61		    cmp  al, 'a'                   ; Is it below 'a'?
 000005BB  72 06		    jb   noConvert                 ; If yes, skip conversion
 000005BD  3C 7A		    cmp  al, 'z'                   ; Is it above 'z'?
 000005BF  77 02		    ja   noConvert                 ; If yes, skip conversion
 000005C1  2C 20		    sub  al, 32                    ; Convert: 'a'->A, 'b'->B, etc.
				
 000005C3			noConvert:
				    ; --- Validate: must be A, B, C, or D ---
 000005C3  3C 41		    cmp  al, 'A'
 000005C5  74 27		    je   validAnswer
 000005C7  3C 42		    cmp  al, 'B'
 000005C9  74 23		    je   validAnswer
 000005CB  3C 43		    cmp  al, 'C'
 000005CD  74 1F		    je   validAnswer
 000005CF  3C 44		    cmp  al, 'D'
 000005D1  74 1B		    je   validAnswer
				
				    ; Invalid character entered
 000005D3  B8 0000000C		    mov  eax, CLR_RED
 000005D8  E8 00000000 E	    call SetTextColor
 000005DD  BA 000000EA R	    mov  edx, OFFSET invalidAns    ; "Invalid! Enter A, B, C, or D."
 000005E2  E8 00000000 E	    call WriteString
 000005E7  E8 00000000 E	    call Crlf
 000005EC  EB A6		    jmp  getAnsLoop                ; Ask again
				
 000005EE			validAnswer:
 000005EE  A2 0000004C R	    mov  userAnswer, al            ; Store the valid answer
 000005F3  C3			    ret
				
 000005F4			GetAnswer ENDP
				
				; ============================================================
				;  CheckAnswer - Compares user answer with correct answer
				;  Purpose: Looks up the correct answer from the answers array
				;           and compares it with the user's answer
				;  Input:   currentQIdx, userAnswer
				;  Output:  lastCorrect = 1 if correct, 0 if wrong
				;           Displays feedback message to user
				; ============================================================
 000005F4			CheckAnswer PROC
				
				    ; --- Get the correct answer from the answers array ---
 000005F4  BE 000015B5 R	    mov  esi, OFFSET answers       ; ESI = base of answers array
 000005F9  A1 00000048 R	    mov  eax, currentQIdx          ; EAX = question index
 000005FE  8A 1C 30		    mov  bl, [esi + eax]           ; BL = correct answer character
				
				    ; --- Compare with user's answer ---
 00000601  A0 0000004C R	    mov  al, userAnswer            ; AL = user's answer
 00000606  38 D8		    cmp  al, bl                    ; Compare user answer with correct
 00000608  74 2E		    je   answerCorrect             ; Jump if they match
				
				    ; --- Wrong Answer ---
 0000060A  C6 05 0000004D R	    mov  lastCorrect, 0            ; Set flag to wrong
	   00
 00000611  E8 00000000 E	    call Crlf
 00000616  B8 0000000C		    mov  eax, CLR_RED
 0000061B  E8 00000000 E	    call SetTextColor
 00000620  BA 00000128 R	    mov  edx, OFFSET wrongTxt      ; "Wrong! The correct answer was: "
 00000625  E8 00000000 E	    call WriteString
 0000062A  8A C3		    mov  al, bl                    ; AL = correct answer character
 0000062C  E8 00000000 E	    call WriteChar                 ; Display the correct letter
 00000631  E8 00000000 E	    call Crlf
 00000636  EB 25		    jmp  checkDone
				
 00000638			answerCorrect:
				    ; --- Correct Answer ---
 00000638  C6 05 0000004D R	    mov  lastCorrect, 1            ; Set flag to correct
	   01
 0000063F  E8 00000000 E	    call Crlf
 00000644  B8 0000000A		    mov  eax, CLR_GREEN
 00000649  E8 00000000 E	    call SetTextColor
 0000064E  BA 00000111 R	    mov  edx, OFFSET correctTxt    ; "Correct! +10 Points!"
 00000653  E8 00000000 E	    call WriteString
 00000658  E8 00000000 E	    call Crlf
				
 0000065D			checkDone:
				    ; Reset text color to white
 0000065D  B8 0000000F		    mov  eax, CLR_WHITE
 00000662  E8 00000000 E	    call SetTextColor
 00000667  C3			    ret
				
 00000668			CheckAnswer ENDP
				
				; ============================================================
				;  UpdateScore - Updates the score based on the last answer
				;  Purpose: If last answer was correct, adds points and
				;           increments correct count. Otherwise increments
				;           wrong count.
				;  Input:   lastCorrect flag
				;  Output:  score, correctCount, wrongCount are updated
				; ============================================================
 00000668			UpdateScore PROC
				
 00000668  80 3D 0000004D R	    cmp  lastCorrect, 1            ; Was the last answer correct?
	   01
 0000066F  75 0E		    jne  wasWrong                  ; If not, jump to wrong handler
				
				    ; --- Correct: Add points ---
 00000671  83 05 00000020 R	    add  score, PTS_CORRECT        ; score += 10
	   0A
 00000678  FF 05 00000024 R	    inc  correctCount              ; correctCount++
 0000067E  C3			    ret
				
 0000067F			wasWrong:
				    ; --- Wrong: No points added ---
 0000067F  FF 05 00000028 R	    inc  wrongCount                ; wrongCount++
 00000685  C3			    ret
				
 00000686			UpdateScore ENDP
				
				; ============================================================
				;  CalculateGrade - Calculates percentage and determines grade
				;  Purpose: Uses score and maxScore to compute percentage,
				;           then assigns a letter grade and performance message
				;  Input:   score, maxScore
				;  Output:  percentage, gradePtr, perfPtr
				; ============================================================
 00000686			CalculateGrade PROC
				
				    ; --- Calculate Percentage ---
				    ; Formula: percentage = (score * 100) / maxScore
 00000686  33 D2		    xor  edx, edx                  ; Clear EDX for multiplication
 00000688  A1 00000020 R	    mov  eax, score                ; EAX = score
 0000068D  BB 00000064		    mov  ebx, 100
 00000692  F7 E3		    mul  ebx                       ; EDX:EAX = score * 100
 00000694  8B 1D 00000044 R	    mov  ebx, maxScore
 0000069A  F7 F3		    div  ebx                       ; EAX = percentage (integer)
 0000069C  A3 00000040 R	    mov  percentage, eax           ; Store the result
				
				    ; --- Determine Grade Based on Percentage ---
				    ; 90-100 = A+, 80-89 = A, 70-79 = B, 60-69 = C, 50-59 = D, <50 = F
				
 000006A1  83 F8 5A		    cmp  eax, 90
 000006A4  7D 29		    jge  isAPlus
 000006A6  83 F8 50		    cmp  eax, 80
 000006A9  7D 39		    jge  isA
 000006AB  83 F8 46		    cmp  eax, 70
 000006AE  7D 49		    jge  isB
 000006B0  83 F8 3C		    cmp  eax, 60
 000006B3  7D 59		    jge  isC
 000006B5  83 F8 32		    cmp  eax, 50
 000006B8  7D 69		    jge  isD
				
				    ; --- Grade F (Below 50) ---
 000006BA  C7 05 00000784 R	    mov  gradePtr, OFFSET gradeF
	   00000782 R
 000006C4  C7 05 00000826 R	    mov  perfPtr, OFFSET perfNeedImp
	   00000804 R
 000006CE  C3			    ret
				
 000006CF			isAPlus:
 000006CF  C7 05 00000784 R	    mov  gradePtr, OFFSET gradeAP
	   00000777 R
 000006D9  C7 05 00000826 R	    mov  perfPtr, OFFSET perfOutstand
	   00000788 R
 000006E3  C3			    ret
				
 000006E4			isA:
 000006E4  C7 05 00000784 R	    mov  gradePtr, OFFSET gradeA
	   0000077A R
 000006EE  C7 05 00000826 R	    mov  perfPtr, OFFSET perfExcell
	   000007A7 R
 000006F8  C3			    ret
				
 000006F9			isB:
 000006F9  C7 05 00000784 R	    mov  gradePtr, OFFSET gradeB
	   0000077C R
 00000703  C7 05 00000826 R	    mov  perfPtr, OFFSET perfGood
	   000007C3 R
 0000070D  C3			    ret
				
 0000070E			isC:
 0000070E  C7 05 00000784 R	    mov  gradePtr, OFFSET gradeC
	   0000077E R
 00000718  C7 05 00000826 R	    mov  perfPtr, OFFSET perfAverage
	   000007E3 R
 00000722  C3			    ret
				
 00000723			isD:
 00000723  C7 05 00000784 R	    mov  gradePtr, OFFSET gradeD
	   00000780 R
 0000072D  C7 05 00000826 R	    mov  perfPtr, OFFSET perfNeedImp
	   00000804 R
 00000737  C3			    ret
				
 00000738			CalculateGrade ENDP
				
				; ============================================================
				;  ShowResult - Displays the complete result screen
				;  Purpose: Shows player name, category, difficulty, scores,
				;           percentage, grade, and performance message
				;  Input:   All quiz result variables
				; ============================================================
 00000738			ShowResult PROC
				
 00000738  E8 FFFFFF49		    call CalculateGrade            ; Calculate percentage and grade
 0000073D  E8 FFFFF920		    call ClearScreen
				
				    ; ============ HEADER ============
 00000742  B8 0000000E		    mov  eax, CLR_YELLOW
 00000747  E8 00000000 E	    call SetTextColor
 0000074C  BA 00000058 R	    mov  edx, OFFSET separator
 00000751  E8 00000000 E	    call WriteString
 00000756  E8 00000000 E	    call Crlf
 0000075B  BA 000003AA R	    mov  edx, OFFSET resTitle      ; "QUIZ COMPLETED!"
 00000760  E8 00000000 E	    call WriteString
 00000765  E8 00000000 E	    call Crlf
 0000076A  BA 00000058 R	    mov  edx, OFFSET separator
 0000076F  E8 00000000 E	    call WriteString
 00000774  E8 00000000 E	    call Crlf
 00000779  E8 00000000 E	    call Crlf
				
				    ; ============ PLAYER INFO ============
 0000077E  B8 0000000B		    mov  eax, CLR_CYAN
 00000783  E8 00000000 E	    call SetTextColor
				
				    ; Player Name
 00000788  BA 000003C6 R	    mov  edx, OFFSET resNameLbl    ; "Player Name     : "
 0000078D  E8 00000000 E	    call WriteString
 00000792  BA 00000000 R	    mov  edx, OFFSET userName
 00000797  E8 00000000 E	    call WriteString
 0000079C  E8 00000000 E	    call Crlf
				
				    ; Category (use pointer array to get name)
 000007A1  BA 000003DB R	    mov  edx, OFFSET resCatLbl     ; "Category        : "
 000007A6  E8 00000000 E	    call WriteString
 000007AB  BE 0000074E R	    mov  esi, OFFSET catNames      ; Array of category name pointers
 000007B0  A1 00000038 R	    mov  eax, catChoice
 000007B5  48			    dec  eax                       ; Convert 1-based to 0-based
 000007B6  8B 14 86		    mov  edx, [esi + eax * 4]     ; Get pointer to category name
 000007B9  E8 00000000 E	    call WriteString
 000007BE  E8 00000000 E	    call Crlf
				
				    ; Difficulty (use pointer array to get name)
 000007C3  BA 000003F0 R	    mov  edx, OFFSET resDiffLbl   ; "Difficulty      : "
 000007C8  E8 00000000 E	    call WriteString
 000007CD  BE 0000076B R	    mov  esi, OFFSET diffNames    ; Array of difficulty name pointers
 000007D2  A1 0000003C R	    mov  eax, diffChoice
 000007D7  48			    dec  eax
 000007D8  8B 14 86		    mov  edx, [esi + eax * 4]
 000007DB  E8 00000000 E	    call WriteString
 000007E0  E8 00000000 E	    call Crlf
 000007E5  E8 00000000 E	    call Crlf
				
				    ; ============ SEPARATOR ============
 000007EA  B8 0000000F		    mov  eax, CLR_WHITE
 000007EF  E8 00000000 E	    call SetTextColor
 000007F4  BA 00000058 R	    mov  edx, OFFSET separator
 000007F9  E8 00000000 E	    call WriteString
 000007FE  E8 00000000 E	    call Crlf
				
				    ; ============ SCORES ============
				    ; Correct Answers (green)
 00000803  B8 0000000A		    mov  eax, CLR_GREEN
 00000808  E8 00000000 E	    call SetTextColor
 0000080D  BA 00000405 R	    mov  edx, OFFSET resCorrectLbl ; "Correct Answers : "
 00000812  E8 00000000 E	    call WriteString
 00000817  A1 00000024 R	    mov  eax, correctCount
 0000081C  E8 00000000 E	    call WriteDec
 00000821  E8 00000000 E	    call Crlf
				
				    ; Wrong Answers (red)
 00000826  B8 0000000C		    mov  eax, CLR_RED
 0000082B  E8 00000000 E	    call SetTextColor
 00000830  BA 0000041A R	    mov  edx, OFFSET resWrongLbl   ; "Wrong Answers   : "
 00000835  E8 00000000 E	    call WriteString
 0000083A  A1 00000028 R	    mov  eax, wrongCount
 0000083F  E8 00000000 E	    call WriteDec
 00000844  E8 00000000 E	    call Crlf
 00000849  E8 00000000 E	    call Crlf
				
				    ; Final Score (yellow)
 0000084E  B8 0000000E		    mov  eax, CLR_YELLOW
 00000853  E8 00000000 E	    call SetTextColor
 00000858  BA 0000042F R	    mov  edx, OFFSET resScoreLbl   ; "Final Score     : "
 0000085D  E8 00000000 E	    call WriteString
 00000862  A1 00000020 R	    mov  eax, score
 00000867  E8 00000000 E	    call WriteDec
 0000086C  BA 0000016B R	    mov  edx, OFFSET slashTxt      ; " / "
 00000871  E8 00000000 E	    call WriteString
 00000876  A1 00000044 R	    mov  eax, maxScore
 0000087B  E8 00000000 E	    call WriteDec
 00000880  E8 00000000 E	    call Crlf
				
				    ; Percentage
 00000885  BA 00000444 R	    mov  edx, OFFSET resPercLbl    ; "Percentage      : "
 0000088A  E8 00000000 E	    call WriteString
 0000088F  A1 00000040 R	    mov  eax, percentage
 00000894  E8 00000000 E	    call WriteDec
 00000899  BA 00000169 R	    mov  edx, OFFSET percentSign   ; "%"
 0000089E  E8 00000000 E	    call WriteString
 000008A3  E8 00000000 E	    call Crlf
				
				    ; Grade
 000008A8  BA 00000459 R	    mov  edx, OFFSET resGradeLbl   ; "Grade           : "
 000008AD  E8 00000000 E	    call WriteString
 000008B2  8B 15 00000784 R	    mov  edx, gradePtr             ; Pointer to grade string
 000008B8  E8 00000000 E	    call WriteString
 000008BD  E8 00000000 E	    call Crlf
 000008C2  E8 00000000 E	    call Crlf
				
				    ; ============ SEPARATOR ============
 000008C7  B8 0000000F		    mov  eax, CLR_WHITE
 000008CC  E8 00000000 E	    call SetTextColor
 000008D1  BA 00000058 R	    mov  edx, OFFSET separator
 000008D6  E8 00000000 E	    call WriteString
 000008DB  E8 00000000 E	    call Crlf
				
				    ; ============ PERFORMANCE MESSAGE ============
 000008E0  B8 0000000D		    mov  eax, CLR_MAGENTA
 000008E5  E8 00000000 E	    call SetTextColor
 000008EA  BA 0000046E R	    mov  edx, OFFSET resPerfLbl    ; "Performance     : "
 000008EF  E8 00000000 E	    call WriteString
 000008F4  8B 15 00000826 R	    mov  edx, perfPtr              ; Pointer to performance message
 000008FA  E8 00000000 E	    call WriteString
 000008FF  E8 00000000 E	    call Crlf
 00000904  E8 00000000 E	    call Crlf
				
				    ; Reset color
 00000909  B8 0000000F		    mov  eax, CLR_WHITE
 0000090E  E8 00000000 E	    call SetTextColor
 00000913  BA 00000058 R	    mov  edx, OFFSET separator
 00000918  E8 00000000 E	    call WriteString
 0000091D  E8 00000000 E	    call Crlf
 00000922  E8 00000000 E	    call Crlf
				
 00000927  C3			    ret
				
 00000928			ShowResult ENDP
				
				; ============================================================
				;  ShowInstructions - Displays the instructions screen
				;  Purpose: Shows how to play the quiz
				; ============================================================
 00000928			ShowInstructions PROC
				
 00000928  E8 FFFFF735		    call ClearScreen
				
				    ; --- Header ---
 0000092D  B8 0000000E		    mov  eax, CLR_YELLOW
 00000932  E8 00000000 E	    call SetTextColor
 00000937  BA 00000058 R	    mov  edx, OFFSET separator
 0000093C  E8 00000000 E	    call WriteString
 00000941  E8 00000000 E	    call Crlf
 00000946  BA 000004C3 R	    mov  edx, OFFSET inst1         ; "HOW TO PLAY"
 0000094B  E8 00000000 E	    call WriteString
 00000950  E8 00000000 E	    call Crlf
 00000955  BA 00000058 R	    mov  edx, OFFSET separator
 0000095A  E8 00000000 E	    call WriteString
 0000095F  E8 00000000 E	    call Crlf
 00000964  E8 00000000 E	    call Crlf
				
				    ; --- Instructions Text ---
 00000969  B8 0000000F		    mov  eax, CLR_WHITE
 0000096E  E8 00000000 E	    call SetTextColor
				
 00000973  BA 000004DB R	    mov  edx, OFFSET inst2         ; Step 1
 00000978  E8 00000000 E	    call WriteString
 0000097D  E8 00000000 E	    call Crlf
 00000982  BA 00000501 R	    mov  edx, OFFSET inst3         ; Step 2
 00000987  E8 00000000 E	    call WriteString
 0000098C  E8 00000000 E	    call Crlf
 00000991  BA 00000521 R	    mov  edx, OFFSET inst4         ; Easy details
 00000996  E8 00000000 E	    call WriteString
 0000099B  E8 00000000 E	    call Crlf
 000009A0  BA 0000053C R	    mov  edx, OFFSET inst5         ; Medium details
 000009A5  E8 00000000 E	    call WriteString
 000009AA  E8 00000000 E	    call Crlf
 000009AF  BA 00000557 R	    mov  edx, OFFSET inst6         ; Hard details
 000009B4  E8 00000000 E	    call WriteString
 000009B9  E8 00000000 E	    call Crlf
 000009BE  BA 00000573 R	    mov  edx, OFFSET inst7         ; Step 3
 000009C3  E8 00000000 E	    call WriteString
 000009C8  E8 00000000 E	    call Crlf
 000009CD  BA 0000059D R	    mov  edx, OFFSET inst8         ; Answer format
 000009D2  E8 00000000 E	    call WriteString
 000009D7  E8 00000000 E	    call Crlf
 000009DC  BA 000005BD R	    mov  edx, OFFSET inst9         ; Step 4
 000009E1  E8 00000000 E	    call WriteString
 000009E6  E8 00000000 E	    call Crlf
 000009EB  BA 000005E7 R	    mov  edx, OFFSET inst10        ; Step 5
 000009F0  E8 00000000 E	    call WriteString
 000009F5  E8 00000000 E	    call Crlf
 000009FA  E8 00000000 E	    call Crlf
				
				    ; --- Wait for key press ---
 000009FF  BA 00000058 R	    mov  edx, OFFSET separator
 00000A04  E8 00000000 E	    call WriteString
 00000A09  E8 00000000 E	    call Crlf
 00000A0E  BA 0000014A R	    mov  edx, OFFSET pressKey
 00000A13  E8 00000000 E	    call WriteString
 00000A18  E8 00000000 E	    call ReadChar                  ; Wait for any key
				
 00000A1D  C3			    ret
				
 00000A1E			ShowInstructions ENDP
				
				; ============================================================
				;  ShowAbout - Displays information about the project
				;  Purpose: Shows project name, course, and technology used
				; ============================================================
 00000A1E			ShowAbout PROC
				
 00000A1E  E8 FFFFF63F		    call ClearScreen
				
				    ; --- Header ---
 00000A23  B8 0000000E		    mov  eax, CLR_YELLOW
 00000A28  E8 00000000 E	    call SetTextColor
 00000A2D  BA 00000058 R	    mov  edx, OFFSET separator
 00000A32  E8 00000000 E	    call WriteString
 00000A37  E8 00000000 E	    call Crlf
 00000A3C  BA 00000617 R	    mov  edx, OFFSET abt1          ; "ABOUT THIS PROJECT"
 00000A41  E8 00000000 E	    call WriteString
 00000A46  E8 00000000 E	    call Crlf
 00000A4B  BA 00000058 R	    mov  edx, OFFSET separator
 00000A50  E8 00000000 E	    call WriteString
 00000A55  E8 00000000 E	    call Crlf
 00000A5A  E8 00000000 E	    call Crlf
				
				    ; --- About Text ---
 00000A5F  B8 0000000F		    mov  eax, CLR_WHITE
 00000A64  E8 00000000 E	    call SetTextColor
				
 00000A69  BA 00000635 R	    mov  edx, OFFSET abt2          ; Project name
 00000A6E  E8 00000000 E	    call WriteString
 00000A73  E8 00000000 E	    call Crlf
 00000A78  BA 0000065C R	    mov  edx, OFFSET abt3          ; Course line 1
 00000A7D  E8 00000000 E	    call WriteString
 00000A82  E8 00000000 E	    call Crlf
 00000A87  BA 00000683 R	    mov  edx, OFFSET abt4          ; Course line 2
 00000A8C  E8 00000000 E	    call WriteString
 00000A91  E8 00000000 E	    call Crlf
 00000A96  BA 000006A9 R	    mov  edx, OFFSET abt5          ; Technology
 00000A9B  E8 00000000 E	    call WriteString
 00000AA0  E8 00000000 E	    call Crlf
 00000AA5  BA 000006CE R	    mov  edx, OFFSET abt6          ; Platform
 00000AAA  E8 00000000 E	    call WriteString
 00000AAF  E8 00000000 E	    call Crlf
 00000AB4  E8 00000000 E	    call Crlf
				
				    ; --- Wait for key press ---
 00000AB9  BA 00000058 R	    mov  edx, OFFSET separator
 00000ABE  E8 00000000 E	    call WriteString
 00000AC3  E8 00000000 E	    call Crlf
 00000AC8  BA 0000014A R	    mov  edx, OFFSET pressKey
 00000ACD  E8 00000000 E	    call WriteString
 00000AD2  E8 00000000 E	    call ReadChar
				
 00000AD7  C3			    ret
				
 00000AD8			ShowAbout ENDP
				
				; ============================================================
				;  ReplayMenu - Asks what the user wants to do next
				;  Purpose: Shows Play Again, Main Menu, Exit options
				;  Output:  EAX = user choice (1 = again, 2 = menu, 3 = exit)
				; ============================================================
 00000AD8			ReplayMenu PROC
				
				    ; --- Display Replay Header ---
 00000AD8  B8 0000000E		    mov  eax, CLR_YELLOW
 00000ADD  E8 00000000 E	    call SetTextColor
 00000AE2  BA 00000058 R	    mov  edx, OFFSET separator
 00000AE7  E8 00000000 E	    call WriteString
 00000AEC  E8 00000000 E	    call Crlf
 00000AF1  BA 00000483 R	    mov  edx, OFFSET repTitle      ; "WHAT NEXT?"
 00000AF6  E8 00000000 E	    call WriteString
 00000AFB  E8 00000000 E	    call Crlf
 00000B00  BA 00000058 R	    mov  edx, OFFSET separator
 00000B05  E8 00000000 E	    call WriteString
 00000B0A  E8 00000000 E	    call Crlf
 00000B0F  E8 00000000 E	    call Crlf
				
				    ; --- Display Options ---
 00000B14  B8 0000000F		    mov  eax, CLR_WHITE
 00000B19  E8 00000000 E	    call SetTextColor
				
 00000B1E  BA 0000049A R	    mov  edx, OFFSET repOpt1      ; "1. Play Again"
 00000B23  E8 00000000 E	    call WriteString
 00000B28  E8 00000000 E	    call Crlf
 00000B2D  BA 000004AA R	    mov  edx, OFFSET repOpt2      ; "2. Main Menu"
 00000B32  E8 00000000 E	    call WriteString
 00000B37  E8 00000000 E	    call Crlf
 00000B3C  BA 000004B9 R	    mov  edx, OFFSET repOpt3      ; "3. Exit"
 00000B41  E8 00000000 E	    call WriteString
 00000B46  E8 00000000 E	    call Crlf
 00000B4B  E8 00000000 E	    call Crlf
				
				    ; --- Get and Validate Input ---
 00000B50			repInput:
 00000B50  BA 0000009D R	    mov  edx, OFFSET choicePrompt
 00000B55  E8 00000000 E	    call WriteString
 00000B5A  E8 00000000 E	    call ReadChar
 00000B5F  E8 00000000 E	    call WriteChar
 00000B64  E8 00000000 E	    call Crlf
				
 00000B69  3C 31		    cmp  al, '1'
 00000B6B  72 0A		    jb   repInvalid
 00000B6D  3C 33		    cmp  al, '3'
 00000B6F  77 06		    ja   repInvalid
				
				    ; Convert to number and return
 00000B71  2C 30		    sub  al, '0'
 00000B73  0F B6 C0		    movzx eax, al
 00000B76  C3			    ret
				
 00000B77			repInvalid:
 00000B77  B8 0000000C		    mov  eax, CLR_RED
 00000B7C  E8 00000000 E	    call SetTextColor
 00000B81  BA 000000CD R	    mov  edx, OFFSET invalidMsg
 00000B86  E8 00000000 E	    call WriteString
 00000B8B  E8 00000000 E	    call Crlf
 00000B90  B8 0000000F		    mov  eax, CLR_WHITE
 00000B95  E8 00000000 E	    call SetTextColor
 00000B9A  EB B4		    jmp  repInput
				
 00000B9C			ReplayMenu ENDP
				
				; ============================================================
				;  ExitProgram - Displays goodbye message and exits
				;  Purpose: Clean exit from the application
				; ============================================================
 00000B9C			ExitProgram PROC
				
 00000B9C  E8 FFFFF4C1		    call ClearScreen
				
				    ; --- Display Goodbye ---
 00000BA1  B8 0000000E		    mov  eax, CLR_YELLOW
 00000BA6  E8 00000000 E	    call SetTextColor
 00000BAB  BA 00000058 R	    mov  edx, OFFSET separator
 00000BB0  E8 00000000 E	    call WriteString
 00000BB5  E8 00000000 E	    call Crlf
 00000BBA  E8 00000000 E	    call Crlf
				
 00000BBF  BA 000006F2 R	    mov  edx, OFFSET exitMsg1     ; "Thank you for playing!"
 00000BC4  E8 00000000 E	    call WriteString
 00000BC9  E8 00000000 E	    call Crlf
 00000BCE  BA 00000714 R	    mov  edx, OFFSET exitMsg2     ; "Goodbye!"
 00000BD3  E8 00000000 E	    call WriteString
 00000BD8  E8 00000000 E	    call Crlf
 00000BDD  E8 00000000 E	    call Crlf
				
 00000BE2  BA 00000058 R	    mov  edx, OFFSET separator
 00000BE7  E8 00000000 E	    call WriteString
 00000BEC  E8 00000000 E	    call Crlf
 00000BF1  E8 00000000 E	    call Crlf
				
				    ; Reset color to white before exit
 00000BF6  B8 0000000F		    mov  eax, CLR_WHITE
 00000BFB  E8 00000000 E	    call SetTextColor
				
				    ; Wait for final key press
 00000C00  BA 0000014A R	    mov  edx, OFFSET pressKey
 00000C05  E8 00000000 E	    call WriteString
 00000C0A  E8 00000000 E	    call ReadChar
				
				    exit                           ; Irvine32 macro: calls ExitProcess
 00000C0F  6A 00	   *	    push   +000000000h
 00000C11  E8 00000000 E   *	    call   ExitProcess
				
 00000C16			ExitProgram ENDP
				
				; ============================================================
				;  END OF PROGRAM
				; ============================================================
				END main
Microsoft (R) Macro Assembler Version 6.15.8803		    06/06/26 06:27:27
QuizApp.asm						     Symbols 2 - 1




Structures and Unions:

                N a m e                  Size
                                         Offset      Type

CONSOLE_CURSOR_INFO  . . . . . .	 00000008
  dwSize . . . . . . . . . . . .	 00000000	 DWord
  bVisible . . . . . . . . . . .	 00000004	 DWord
CONSOLE_SCREEN_BUFFER_INFO . . .	 00000016
  dwSize . . . . . . . . . . . .	 00000000	 DWord
  dwCursorPos  . . . . . . . . .	 00000004	 DWord
  wAttributes  . . . . . . . . .	 00000008	 Word
  srWindow . . . . . . . . . . .	 0000000A	 QWord
  maxWinSize . . . . . . . . . .	 00000012	 DWord
COORD  . . . . . . . . . . . . .	 00000004
  X  . . . . . . . . . . . . . .	 00000000	 Word
  Y  . . . . . . . . . . . . . .	 00000002	 Word
FILETIME . . . . . . . . . . . .	 00000008
  loDateTime . . . . . . . . . .	 00000000	 DWord
  hiDateTime . . . . . . . . . .	 00000004	 DWord
INPUT_RECORD . . . . . . . . . .	 00000014
  eventType  . . . . . . . . . .	 00000000	 Word
  event  . . . . . . . . . . . .	 00000004	  00000010
KEY_EVENT_RECORD . . . . . . . .	 00000010
  bKeyDown . . . . . . . . . . .	 00000000	 DWord
  wRepeatCount . . . . . . . . .	 00000004	 Word
  wVirtualKeyCode  . . . . . . .	 00000006	 Word
  wVirtualScanCode . . . . . . .	 00000008	 Word
  uChar  . . . . . . . . . . . .	 0000000A	 Word
  UnicodeChar  . . . . . . . . .	 00000000	 Word
  AsciiChar  . . . . . . . . . .	 00000000	 Byte
  dwControlKeyState  . . . . . .	 0000000C	 DWord
SMALL_RECT . . . . . . . . . . .	 00000008
  Left . . . . . . . . . . . . .	 00000000	 Word
  Top  . . . . . . . . . . . . .	 00000002	 Word
  Right  . . . . . . . . . . . .	 00000004	 Word
  Bottom . . . . . . . . . . . .	 00000006	 Word
SYSTEMTIME . . . . . . . . . . .	 00000010
  wYear  . . . . . . . . . . . .	 00000000	 Word
  wMonth . . . . . . . . . . . .	 00000002	 Word
  wDayOfWeek . . . . . . . . . .	 00000004	 Word
  wDay . . . . . . . . . . . . .	 00000006	 Word
  wHour  . . . . . . . . . . . .	 00000008	 Word
  wMinute  . . . . . . . . . . .	 0000000A	 Word
  wSecond  . . . . . . . . . . .	 0000000C	 Word
  wMilliseconds  . . . . . . . .	 0000000E	 Word


Segments and Groups:

                N a m e                 Size     Length   Align   Combine Class

FLAT . . . . . . . . . . . . . .	GROUP
STACK  . . . . . . . . . . . . .	32 Bit	 00001000 DWord	  Stack	  'STACK'	 
_DATA  . . . . . . . . . . . . .	32 Bit	 000015D3 DWord	  Public  'DATA'	
_TEXT  . . . . . . . . . . . . .	32 Bit	 00000C16 DWord	  Public  'CODE'	


Procedures,  parameters and locals:

                N a m e                 Type     Value    Attr

CalculateGrade . . . . . . . . .	P Near	 00000686 _TEXT	Length= 000000B2 Public STDCALL
  isAPlus  . . . . . . . . . . .	L Near	 000006CF _TEXT	
  isA  . . . . . . . . . . . . .	L Near	 000006E4 _TEXT	
  isB  . . . . . . . . . . . . .	L Near	 000006F9 _TEXT	
  isC  . . . . . . . . . . . . .	L Near	 0000070E _TEXT	
  isD  . . . . . . . . . . . . .	L Near	 00000723 _TEXT	
CheckAnswer  . . . . . . . . . .	P Near	 000005F4 _TEXT	Length= 00000074 Public STDCALL
  answerCorrect  . . . . . . . .	L Near	 00000638 _TEXT	
  checkDone  . . . . . . . . . .	L Near	 0000065D _TEXT	
ClearScreen  . . . . . . . . . .	P Near	 00000062 _TEXT	Length= 00000006 Public STDCALL
CloseHandle  . . . . . . . . . .	P Near	 00000000 FLAT	Length= 00000000 External STDCALL
Clrscr . . . . . . . . . . . . .	P Near	 00000000 FLAT	Length= 00000000 External STDCALL
CreateFileA  . . . . . . . . . .	P Near	 00000000 FLAT	Length= 00000000 External STDCALL
Crlf . . . . . . . . . . . . . .	P Near	 00000000 FLAT	Length= 00000000 External STDCALL
Delay  . . . . . . . . . . . . .	P Near	 00000000 FLAT	Length= 00000000 External STDCALL
DisplayQuestion  . . . . . . . .	P Near	 00000485 _TEXT	Length= 0000010F Public STDCALL
DumpMem  . . . . . . . . . . . .	P Near	 00000000 FLAT	Length= 00000000 External STDCALL
DumpRegs . . . . . . . . . . . .	P Near	 00000000 FLAT	Length= 00000000 External STDCALL
ExitProcess  . . . . . . . . . .	P Near	 00000000 FLAT	Length= 00000000 External STDCALL
ExitProgram  . . . . . . . . . .	P Near	 00000B9C _TEXT	Length= 0000007A Public STDCALL
FlushConsoleInputBuffer  . . . .	P Near	 00000000 FLAT	Length= 00000000 External STDCALL
GetAnswer  . . . . . . . . . . .	P Near	 00000594 _TEXT	Length= 00000060 Public STDCALL
  getAnsLoop . . . . . . . . . .	L Near	 00000594 _TEXT	
  noConvert  . . . . . . . . . .	L Near	 000005C3 _TEXT	
  validAnswer  . . . . . . . . .	L Near	 000005EE _TEXT	
GetCommandLineA  . . . . . . . .	P Near	 00000000 FLAT	Length= 00000000 External STDCALL
GetCommandtail . . . . . . . . .	P Near	 00000000 FLAT	Length= 00000000 External STDCALL
GetConsoleCP . . . . . . . . . .	P Near	 00000000 FLAT	Length= 00000000 External STDCALL
GetConsoleCursorInfo . . . . . .	P Near	 00000000 FLAT	Length= 00000000 External STDCALL
GetConsoleMode . . . . . . . . .	P Near	 00000000 FLAT	Length= 00000000 External STDCALL
GetConsoleScreenBufferInfo . . .	P Near	 00000000 FLAT	Length= 00000000 External STDCALL
GetDateTime  . . . . . . . . . .	P Near	 00000000 FLAT	Length= 00000000 External STDCALL
GetKeyState  . . . . . . . . . .	P Near	 00000000 FLAT	Length= 00000000 External STDCALL
GetLastError . . . . . . . . . .	P Near	 00000000 FLAT	Length= 00000000 External STDCALL
GetLocalTime . . . . . . . . . .	P Near	 00000000 FLAT	Length= 00000000 External STDCALL
GetMaxXY . . . . . . . . . . . .	P Near	 00000000 FLAT	Length= 00000000 External STDCALL
GetMseconds  . . . . . . . . . .	P Near	 00000000 FLAT	Length= 00000000 External STDCALL
GetNumberOfConsoleInputEvents  .	P Near	 00000000 FLAT	Length= 00000000 External STDCALL
GetProcessHeap . . . . . . . . .	P Near	 00000000 FLAT	Length= 00000000 External STDCALL
GetStdHandle . . . . . . . . . .	P Near	 00000000 FLAT	Length= 00000000 External STDCALL
GetSystemTime  . . . . . . . . .	P Near	 00000000 FLAT	Length= 00000000 External STDCALL
GetTickCount . . . . . . . . . .	P Near	 00000000 FLAT	Length= 00000000 External STDCALL
GetUserName  . . . . . . . . . .	P Near	 00000068 _TEXT	Length= 00000083 Public STDCALL
Gotoxy . . . . . . . . . . . . .	P Near	 00000000 FLAT	Length= 00000000 External STDCALL
HeapAlloc  . . . . . . . . . . .	P Near	 00000000 FLAT	Length= 00000000 External STDCALL
HeapCreate . . . . . . . . . . .	P Near	 00000000 FLAT	Length= 00000000 External STDCALL
HeapDestroy  . . . . . . . . . .	P Near	 00000000 FLAT	Length= 00000000 External STDCALL
HeapFree . . . . . . . . . . . .	P Near	 00000000 FLAT	Length= 00000000 External STDCALL
HeapSize . . . . . . . . . . . .	P Near	 00000000 FLAT	Length= 00000000 External STDCALL
IsDigit  . . . . . . . . . . . .	P Near	 00000000 FLAT	Length= 00000000 External STDCALL
MainMenu . . . . . . . . . . . .	P Near	 000000EB _TEXT	Length= 000000D8 Public STDCALL
  menuInput  . . . . . . . . . .	L Near	 00000177 _TEXT	
  menuInvalid  . . . . . . . . .	L Near	 0000019E _TEXT	
PeekConsoleInputA  . . . . . . .	P Near	 00000000 FLAT	Length= 00000000 External STDCALL
Random32 . . . . . . . . . . . .	P Near	 00000000 FLAT	Length= 00000000 External STDCALL
RandomQuestionGenerator  . . . .	P Near	 00000462 _TEXT	Length= 00000023 Public STDCALL
  tryAgain . . . . . . . . . . .	L Near	 00000463 _TEXT	
RandomRange  . . . . . . . . . .	P Near	 00000000 FLAT	Length= 00000000 External STDCALL
Randomize  . . . . . . . . . . .	P Near	 00000000 FLAT	Length= 00000000 External STDCALL
ReadChar . . . . . . . . . . . .	P Near	 00000000 FLAT	Length= 00000000 External STDCALL
ReadConsoleA . . . . . . . . . .	P Near	 00000000 FLAT	Length= 00000000 External STDCALL
ReadConsoleInputA  . . . . . . .	P Near	 00000000 FLAT	Length= 00000000 External STDCALL
ReadDec  . . . . . . . . . . . .	P Near	 00000000 FLAT	Length= 00000000 External STDCALL
ReadFile . . . . . . . . . . . .	P Near	 00000000 FLAT	Length= 00000000 External STDCALL
ReadHex  . . . . . . . . . . . .	P Near	 00000000 FLAT	Length= 00000000 External STDCALL
ReadInt  . . . . . . . . . . . .	P Near	 00000000 FLAT	Length= 00000000 External STDCALL
ReadKeyFlush . . . . . . . . . .	P Near	 00000000 FLAT	Length= 00000000 External STDCALL
ReadKey  . . . . . . . . . . . .	P Near	 00000000 FLAT	Length= 00000000 External STDCALL
ReadString . . . . . . . . . . .	P Near	 00000000 FLAT	Length= 00000000 External STDCALL
ReplayMenu . . . . . . . . . . .	P Near	 00000AD8 _TEXT	Length= 000000C4 Public STDCALL
  repInput . . . . . . . . . . .	L Near	 00000B50 _TEXT	
  repInvalid . . . . . . . . . .	L Near	 00000B77 _TEXT	
SelectCategory . . . . . . . . .	P Near	 000001C3 _TEXT	Length= 00000106 Public STDCALL
  catInput . . . . . . . . . . .	L Near	 00000240 _TEXT	
  catCS  . . . . . . . . . . . .	L Near	 0000028A _TEXT	
  catMath  . . . . . . . . . . .	L Near	 0000029F _TEXT	
  catGK  . . . . . . . . . . . .	L Near	 000002B4 _TEXT	
SelectDifficulty . . . . . . . .	P Near	 000002C9 _TEXT	Length= 00000106 Public STDCALL
  diffInput  . . . . . . . . . .	L Near	 00000346 _TEXT	
  diffEasy . . . . . . . . . . .	L Near	 00000390 _TEXT	
  diffMedium . . . . . . . . . .	L Near	 000003A5 _TEXT	
  diffHard . . . . . . . . . . .	L Near	 000003BA _TEXT	
SetConsoleCursorInfo . . . . . .	P Near	 00000000 FLAT	Length= 00000000 External STDCALL
SetConsoleCursorPosition . . . .	P Near	 00000000 FLAT	Length= 00000000 External STDCALL
SetConsoleMode . . . . . . . . .	P Near	 00000000 FLAT	Length= 00000000 External STDCALL
SetConsoleScreenBufferSize . . .	P Near	 00000000 FLAT	Length= 00000000 External STDCALL
SetConsoleTextAttribute  . . . .	P Near	 00000000 FLAT	Length= 00000000 External STDCALL
SetConsoleTitleA . . . . . . . .	P Near	 00000000 FLAT	Length= 00000000 External STDCALL
SetConsoleWindowInfo . . . . . .	P Near	 00000000 FLAT	Length= 00000000 External STDCALL
SetFilePointer . . . . . . . . .	P Near	 00000000 FLAT	Length= 00000000 External STDCALL
SetLocalTime . . . . . . . . . .	P Near	 00000000 FLAT	Length= 00000000 External STDCALL
SetTextColor . . . . . . . . . .	P Near	 00000000 FLAT	Length= 00000000 External STDCALL
ShowAbout  . . . . . . . . . . .	P Near	 00000A1E _TEXT	Length= 000000BA Public STDCALL
ShowInstructions . . . . . . . .	P Near	 00000928 _TEXT	Length= 000000F6 Public STDCALL
ShowResult . . . . . . . . . . .	P Near	 00000738 _TEXT	Length= 000001F0 Public STDCALL
Sleep  . . . . . . . . . . . . .	P Near	 00000000 FLAT	Length= 00000000 External STDCALL
StartQuiz  . . . . . . . . . . .	P Near	 000003CF _TEXT	Length= 00000093 Public STDCALL
  clearLoop  . . . . . . . . . .	L Near	 00000404 _TEXT	
  quizLoop . . . . . . . . . . .	L Near	 0000041C _TEXT	
Str_compare  . . . . . . . . . .	P Near	 00000000 FLAT	Length= 00000000 External STDCALL
Str_copy . . . . . . . . . . . .	P Near	 00000000 FLAT	Length= 00000000 External STDCALL
Str_length . . . . . . . . . . .	P Near	 00000000 FLAT	Length= 00000000 External STDCALL
Str_trim . . . . . . . . . . . .	P Near	 00000000 FLAT	Length= 00000000 External STDCALL
Str_ucase  . . . . . . . . . . .	P Near	 00000000 FLAT	Length= 00000000 External STDCALL
SystemTimeToFileTime . . . . . .	P Near	 00000000 FLAT	Length= 00000000 External STDCALL
UpdateScore  . . . . . . . . . .	P Near	 00000668 _TEXT	Length= 0000001E Public STDCALL
  wasWrong . . . . . . . . . . .	L Near	 0000067F _TEXT	
WaitMsg  . . . . . . . . . . . .	P Near	 00000000 FLAT	Length= 00000000 External STDCALL
WriteBinB  . . . . . . . . . . .	P Near	 00000000 FLAT	Length= 00000000 External STDCALL
WriteBin . . . . . . . . . . . .	P Near	 00000000 FLAT	Length= 00000000 External STDCALL
WriteChar  . . . . . . . . . . .	P Near	 00000000 FLAT	Length= 00000000 External STDCALL
WriteConsoleA  . . . . . . . . .	P Near	 00000000 FLAT	Length= 00000000 External STDCALL
WriteConsoleOutputAttribute  . .	P Near	 00000000 FLAT	Length= 00000000 External STDCALL
WriteConsoleOutputCharacterA . .	P Near	 00000000 FLAT	Length= 00000000 External STDCALL
WriteDec . . . . . . . . . . . .	P Near	 00000000 FLAT	Length= 00000000 External STDCALL
WriteFile  . . . . . . . . . . .	P Near	 00000000 FLAT	Length= 00000000 External STDCALL
WriteHexB  . . . . . . . . . . .	P Near	 00000000 FLAT	Length= 00000000 External STDCALL
WriteHex . . . . . . . . . . . .	P Near	 00000000 FLAT	Length= 00000000 External STDCALL
WriteInt . . . . . . . . . . . .	P Near	 00000000 FLAT	Length= 00000000 External STDCALL
WriteString  . . . . . . . . . .	P Near	 00000000 FLAT	Length= 00000000 External STDCALL
main . . . . . . . . . . . . . .	P Near	 00000000 _TEXT	Length= 00000062 Public STDCALL
  mainMenuLoop . . . . . . . . .	L Near	 0000000F _TEXT	
  doStartQuiz  . . . . . . . . .	L Near	 0000002A _TEXT	
  doInstructions . . . . . . . .	L Near	 0000004F _TEXT	
  doAbout  . . . . . . . . . . .	L Near	 00000056 _TEXT	
  doExit . . . . . . . . . . . .	L Near	 0000005D _TEXT	
wsprintfA  . . . . . . . . . . .	P Near	 00000000 FLAT	Length= 00000000 External C


Symbols:

                N a m e                 Type     Value    Attr

@CodeSize  . . . . . . . . . . .	Number	 00000000h   
@DataSize  . . . . . . . . . . .	Number	 00000000h   
@Interface . . . . . . . . . . .	Number	 00000003h   
@Model . . . . . . . . . . . . .	Number	 00000007h   
@code  . . . . . . . . . . . . .	Text   	 _TEXT
@data  . . . . . . . . . . . . .	Text   	 FLAT
@fardata?  . . . . . . . . . . .	Text   	 FLAT
@fardata . . . . . . . . . . . .	Text   	 FLAT
@stack . . . . . . . . . . . . .	Text   	 FLAT
ALT_MASK . . . . . . . . . . . .	Number	 00000003h   
CLR_CYAN . . . . . . . . . . . .	Number	 0000000Bh   
CLR_GREEN  . . . . . . . . . . .	Number	 0000000Ah   
CLR_MAGENTA  . . . . . . . . . .	Number	 0000000Dh   
CLR_RED  . . . . . . . . . . . .	Number	 0000000Ch   
CLR_WHITE  . . . . . . . . . . .	Number	 0000000Fh   
CLR_YELLOW . . . . . . . . . . .	Number	 0000000Eh   
CREATE_ALWAYS  . . . . . . . . .	Number	 00000002h   
CREATE_NEW . . . . . . . . . . .	Number	 00000001h   
CTRL_MASK  . . . . . . . . . . .	Number	 0000000Ch   
CreateFile . . . . . . . . . . .	Text   	 CreateFileA
DO_NOT_SHARE . . . . . . . . . .	Number	 00000000h   
ENABLE_ECHO_INPUT  . . . . . . .	Number	 00000004h   
ENABLE_LINE_INPUT  . . . . . . .	Number	 00000002h   
ENABLE_MOUSE_INPUT . . . . . . .	Number	 00000010h   
ENABLE_PROCESSED_INPUT . . . . .	Number	 00000001h   
ENABLE_PROCESSED_OUTPUT  . . . .	Number	 00000001h   
ENABLE_WINDOW_INPUT  . . . . . .	Number	 00000008h   
ENABLE_WRAP_AT_EOL_OUTPUT  . . .	Number	 00000002h   
FALSE  . . . . . . . . . . . . .	Number	 00000000h   
FILE_APPEND_DATA . . . . . . . .	Number	 00000004h   
FILE_ATTRIBUTE_ARCHIVE . . . . .	Number	 00000020h   
FILE_ATTRIBUTE_COMPRESSED  . . .	Number	 00000800h   
FILE_ATTRIBUTE_DEVICE  . . . . .	Number	 00000040h   
FILE_ATTRIBUTE_DIRECTORY . . . .	Number	 00000010h   
FILE_ATTRIBUTE_ENCRYPTED . . . .	Number	 00004000h   
FILE_ATTRIBUTE_HIDDEN  . . . . .	Number	 00000002h   
FILE_ATTRIBUTE_NORMAL  . . . . .	Number	 00000080h   
FILE_ATTRIBUTE_NOT_CONTENT_INDEXED .	Number	 00002000h   
FILE_ATTRIBUTE_OFFLINE . . . . .	Number	 00001000h   
FILE_ATTRIBUTE_READONLY  . . . .	Number	 00000001h   
FILE_ATTRIBUTE_REPARSE_POINT . .	Number	 00000400h   
FILE_ATTRIBUTE_SPARSE_FILE . . .	Number	 00000200h   
FILE_ATTRIBUTE_SYSTEM  . . . . .	Number	 00000004h   
FILE_ATTRIBUTE_TEMPORARY . . . .	Number	 00000100h   
FILE_BEGIN . . . . . . . . . . .	Number	 00000000h   
FILE_CURRENT . . . . . . . . . .	Number	 00000001h   
FILE_DELETE_CHILD  . . . . . . .	Number	 00000040h   
FILE_END . . . . . . . . . . . .	Number	 00000002h   
FILE_READ_DATA . . . . . . . . .	Number	 00000001h   
FILE_SHARE_DELETE  . . . . . . .	Number	 00000004h   
FILE_SHARE_READ  . . . . . . . .	Number	 00000001h   
FILE_SHARE_WRITE . . . . . . . .	Number	 00000002h   
FILE_WRITE_DATA  . . . . . . . .	Number	 00000002h   
FOCUS_EVENT  . . . . . . . . . .	Number	 00000010h   
GENERIC_ALL  . . . . . . . . . .	Number	 10000000h   
GENERIC_EXECUTE  . . . . . . . .	Number	 20000000h   
GENERIC_READ . . . . . . . . . .	Number	 -80000000h   
GENERIC_WRITE  . . . . . . . . .	Number	 40000000h   
GetCommandLine . . . . . . . . .	Text   	 GetCommandLineA
HEAP_GENERATE_EXCEPTIONS . . . .	Number	 00000004h   
HEAP_GROWABLE  . . . . . . . . .	Number	 00000002h   
HEAP_NO_SERIALIZE  . . . . . . .	Number	 00000001h   
HEAP_REALLOC_IN_PLACE_ONLY . . .	Number	 00000010h   
HEAP_ZERO_MEMORY . . . . . . . .	Number	 00000008h   
INVALID_HANDLE_VALUE . . . . . .	Number	 -00000001h   
KBDOWN_FLAG  . . . . . . . . . .	Number	 00000001h   
KEY_EVENT  . . . . . . . . . . .	Number	 00000001h   
KEY_MASKS  . . . . . . . . . . .	Number	 0000001Fh   
LIGHT_BLUE . . . . . . . . . . .	Number	 00000009h   
LIGHT_CYAN . . . . . . . . . . .	Number	 0000000Bh   
LIGHT_GRAY . . . . . . . . . . .	Number	 00000007h   
LIGHT_GREEN  . . . . . . . . . .	Number	 0000000Ah   
LIGHT_MAGENTA  . . . . . . . . .	Number	 0000000Dh   
LIGHT_RED  . . . . . . . . . . .	Number	 0000000Ch   
MAX_NAME . . . . . . . . . . . .	Number	 00000020h   
MENU_EVENT . . . . . . . . . . .	Number	 00000008h   
MOUSE_EVENT  . . . . . . . . . .	Number	 00000002h   
NULL . . . . . . . . . . . . . .	Number	 00000000h   
NUM_PER_CAT  . . . . . . . . . .	Number	 0000000Ah   
OPEN_ALWAYS  . . . . . . . . . .	Number	 00000004h   
OPEN_EXISTING  . . . . . . . . .	Number	 00000003h   
PTS_CORRECT  . . . . . . . . . .	Number	 0000000Ah   
PeekConsoleInput . . . . . . . .	Text   	 PeekConsoleInputA
ReadConsoleInput . . . . . . . .	Text   	 ReadConsoleInputA
ReadConsole  . . . . . . . . . .	Text   	 ReadConsoleA
SHIFT_MASK . . . . . . . . . . .	Number	 00000010h   
STD_ERROR_HANDLE . . . . . . . .	Number	 -0000000Ch   
STD_INPUT_HANDLE . . . . . . . .	Number	 -0000000Ah   
STD_OUTPUT_HANDLE  . . . . . . .	Number	 -0000000Bh   
SetConsoleTitle  . . . . . . . .	Text   	 SetConsoleTitleA
TRUE . . . . . . . . . . . . . .	Number	 00000001h   
TRUNCATE_EXISTING  . . . . . . .	Number	 00000005h   
VK_11  . . . . . . . . . . . . .	Number	 000000BDh   
VK_12  . . . . . . . . . . . . .	Number	 000000BBh   
VK_ADD . . . . . . . . . . . . .	Number	 0000006Bh   
VK_BACK  . . . . . . . . . . . .	Number	 00000008h   
VK_CANCEL  . . . . . . . . . . .	Number	 00000003h   
VK_CAPITAL . . . . . . . . . . .	Number	 00000014h   
VK_CLEAR . . . . . . . . . . . .	Number	 0000000Ch   
VK_CONTROL . . . . . . . . . . .	Number	 00000011h   
VK_DECIMAL . . . . . . . . . . .	Number	 0000006Eh   
VK_DELETE  . . . . . . . . . . .	Number	 0000002Eh   
VK_DIVIDE  . . . . . . . . . . .	Number	 0000006Fh   
VK_DOWN  . . . . . . . . . . . .	Number	 00000028h   
VK_END . . . . . . . . . . . . .	Number	 00000023h   
VK_ESCAPE  . . . . . . . . . . .	Number	 0000001Bh   
VK_EXECUTE . . . . . . . . . . .	Number	 0000002Bh   
VK_F10 . . . . . . . . . . . . .	Number	 00000079h   
VK_F11 . . . . . . . . . . . . .	Number	 0000007Ah   
VK_F12 . . . . . . . . . . . . .	Number	 0000007Bh   
VK_F13 . . . . . . . . . . . . .	Number	 0000007Ch   
VK_F14 . . . . . . . . . . . . .	Number	 0000007Dh   
VK_F15 . . . . . . . . . . . . .	Number	 0000007Eh   
VK_F16 . . . . . . . . . . . . .	Number	 0000007Fh   
VK_F17 . . . . . . . . . . . . .	Number	 00000080h   
VK_F18 . . . . . . . . . . . . .	Number	 00000081h   
VK_F19 . . . . . . . . . . . . .	Number	 00000082h   
VK_F1  . . . . . . . . . . . . .	Number	 00000070h   
VK_F20 . . . . . . . . . . . . .	Number	 00000083h   
VK_F21 . . . . . . . . . . . . .	Number	 00000084h   
VK_F22 . . . . . . . . . . . . .	Number	 00000085h   
VK_F23 . . . . . . . . . . . . .	Number	 00000086h   
VK_F24 . . . . . . . . . . . . .	Number	 00000087h   
VK_F2  . . . . . . . . . . . . .	Number	 00000071h   
VK_F3  . . . . . . . . . . . . .	Number	 00000072h   
VK_F4  . . . . . . . . . . . . .	Number	 00000073h   
VK_F5  . . . . . . . . . . . . .	Number	 00000074h   
VK_F6  . . . . . . . . . . . . .	Number	 00000075h   
VK_F7  . . . . . . . . . . . . .	Number	 00000076h   
VK_F8  . . . . . . . . . . . . .	Number	 00000077h   
VK_F9  . . . . . . . . . . . . .	Number	 00000078h   
VK_HELP  . . . . . . . . . . . .	Number	 0000002Fh   
VK_HOME  . . . . . . . . . . . .	Number	 00000024h   
VK_INSERT  . . . . . . . . . . .	Number	 0000002Dh   
VK_LBUTTON . . . . . . . . . . .	Number	 00000001h   
VK_LEFT  . . . . . . . . . . . .	Number	 00000025h   
VK_MENU  . . . . . . . . . . . .	Number	 00000012h   
VK_MULTIPLY  . . . . . . . . . .	Number	 0000006Ah   
VK_NEXT  . . . . . . . . . . . .	Number	 00000022h   
VK_NUMLOCK . . . . . . . . . . .	Number	 00000090h   
VK_NUMPAD0 . . . . . . . . . . .	Number	 00000060h   
VK_NUMPAD1 . . . . . . . . . . .	Number	 00000061h   
VK_NUMPAD2 . . . . . . . . . . .	Number	 00000062h   
VK_NUMPAD3 . . . . . . . . . . .	Number	 00000063h   
VK_NUMPAD4 . . . . . . . . . . .	Number	 00000064h   
VK_NUMPAD5 . . . . . . . . . . .	Number	 00000065h   
VK_NUMPAD6 . . . . . . . . . . .	Number	 00000066h   
VK_NUMPAD7 . . . . . . . . . . .	Number	 00000067h   
VK_NUMPAD8 . . . . . . . . . . .	Number	 00000068h   
VK_NUMPAD9 . . . . . . . . . . .	Number	 00000069h   
VK_PAUSE . . . . . . . . . . . .	Number	 00000013h   
VK_PRINT . . . . . . . . . . . .	Number	 0000002Ah   
VK_PRIOR . . . . . . . . . . . .	Number	 00000021h   
VK_RBUTTON . . . . . . . . . . .	Number	 00000002h   
VK_RETURN  . . . . . . . . . . .	Number	 0000000Dh   
VK_RIGHT . . . . . . . . . . . .	Number	 00000027h   
VK_SCROLL  . . . . . . . . . . .	Number	 00000091h   
VK_SEPARATER . . . . . . . . . .	Number	 0000006Ch   
VK_SHIFT . . . . . . . . . . . .	Number	 00000010h   
VK_SNAPSHOT  . . . . . . . . . .	Number	 0000002Ch   
VK_SPACE . . . . . . . . . . . .	Number	 00000020h   
VK_SUBTRACT  . . . . . . . . . .	Number	 0000006Dh   
VK_TAB . . . . . . . . . . . . .	Number	 00000009h   
VK_UP  . . . . . . . . . . . . .	Number	 00000026h   
WINDOW_BUFFER_SIZE_EVENT . . . .	Number	 00000004h   
WriteConsoleOutputCharacter  . .	Text   	 WriteConsoleOutputCharacterA
WriteConsole . . . . . . . . . .	Text   	 WriteConsoleA
abt1 . . . . . . . . . . . . . .	Byte	 00000617 _DATA	
abt2 . . . . . . . . . . . . . .	Byte	 00000635 _DATA	
abt3 . . . . . . . . . . . . . .	Byte	 0000065C _DATA	
abt4 . . . . . . . . . . . . . .	Byte	 00000683 _DATA	
abt5 . . . . . . . . . . . . . .	Byte	 000006A9 _DATA	
abt6 . . . . . . . . . . . . . .	Byte	 000006CE _DATA	
allA . . . . . . . . . . . . . .	DWord	 000013D5 _DATA	
allB . . . . . . . . . . . . . .	DWord	 0000144D _DATA	
allC . . . . . . . . . . . . . .	DWord	 000014C5 _DATA	
allD . . . . . . . . . . . . . .	DWord	 0000153D _DATA	
allQ . . . . . . . . . . . . . .	DWord	 0000135D _DATA	
ansPrompt  . . . . . . . . . . .	Byte	 000000B3 _DATA	
answers  . . . . . . . . . . . .	Byte	 000015B5 _DATA	
black  . . . . . . . . . . . . .	Number	 00000000h   
blue . . . . . . . . . . . . . .	Number	 00000001h   
brown  . . . . . . . . . . . . .	Number	 00000006h   
catChoice  . . . . . . . . . . .	DWord	 00000038 _DATA	
catName1 . . . . . . . . . . . .	Byte	 0000071F _DATA	
catName2 . . . . . . . . . . . .	Byte	 00000730 _DATA	
catName3 . . . . . . . . . . . .	Byte	 0000073C _DATA	
catNames . . . . . . . . . . . .	DWord	 0000074E _DATA	
catOpt1  . . . . . . . . . . . .	Byte	 000002D7 _DATA	
catOpt2  . . . . . . . . . . . .	Byte	 000002ED _DATA	
catOpt3  . . . . . . . . . . . .	Byte	 000002FE _DATA	
catTitle . . . . . . . . . . . .	Byte	 000002BB _DATA	
categoryBase . . . . . . . . . .	DWord	 00000034 _DATA	
choicePrompt . . . . . . . . . .	Byte	 0000009D _DATA	
correctCount . . . . . . . . . .	DWord	 00000024 _DATA	
correctTxt . . . . . . . . . . .	Byte	 00000111 _DATA	
csQ10A . . . . . . . . . . . . .	Byte	 00000C2B _DATA	
csQ10B . . . . . . . . . . . . .	Byte	 00000C46 _DATA	
csQ10C . . . . . . . . . . . . .	Byte	 00000C65 _DATA	
csQ10D . . . . . . . . . . . . .	Byte	 00000C82 _DATA	
csQ10  . . . . . . . . . . . . .	Byte	 00000C12 _DATA	
csQ1A  . . . . . . . . . . . . .	Byte	 00000843 _DATA	
csQ1B  . . . . . . . . . . . . .	Byte	 0000085D _DATA	
csQ1C  . . . . . . . . . . . . .	Byte	 0000087A _DATA	
csQ1D  . . . . . . . . . . . . .	Byte	 00000895 _DATA	
csQ1 . . . . . . . . . . . . . .	Byte	 0000082A _DATA	
csQ2A  . . . . . . . . . . . . .	Byte	 000008CB _DATA	
csQ2B  . . . . . . . . . . . . .	Byte	 000008E5 _DATA	
csQ2C  . . . . . . . . . . . . .	Byte	 000008FD _DATA	
csQ2D  . . . . . . . . . . . . .	Byte	 00000914 _DATA	
csQ2 . . . . . . . . . . . . . .	Byte	 000008B2 _DATA	
csQ3A  . . . . . . . . . . . . .	Byte	 00000964 _DATA	
csQ3B  . . . . . . . . . . . . .	Byte	 00000971 _DATA	
csQ3C  . . . . . . . . . . . . .	Byte	 0000097C _DATA	
csQ3D  . . . . . . . . . . . . .	Byte	 00000987 _DATA	
csQ3 . . . . . . . . . . . . . .	Byte	 00000931 _DATA	
csQ4A  . . . . . . . . . . . . .	Byte	 000009C4 _DATA	
csQ4B  . . . . . . . . . . . . .	Byte	 000009CE _DATA	
csQ4C  . . . . . . . . . . . . .	Byte	 000009D8 _DATA	
csQ4D  . . . . . . . . . . . . .	Byte	 000009E2 _DATA	
csQ4 . . . . . . . . . . . . . .	Byte	 00000993 _DATA	
csQ5A  . . . . . . . . . . . . .	Byte	 00000A06 _DATA	
csQ5B  . . . . . . . . . . . . .	Byte	 00000A26 _DATA	
csQ5C  . . . . . . . . . . . . .	Byte	 00000A46 _DATA	
csQ5D  . . . . . . . . . . . . .	Byte	 00000A65 _DATA	
csQ5 . . . . . . . . . . . . . .	Byte	 000009EC _DATA	
csQ6A  . . . . . . . . . . . . .	Byte	 00000AB5 _DATA	
csQ6B  . . . . . . . . . . . . .	Byte	 00000ABE _DATA	
csQ6C  . . . . . . . . . . . . .	Byte	 00000AC8 _DATA	
csQ6D  . . . . . . . . . . . . .	Byte	 00000AD6 _DATA	
csQ6 . . . . . . . . . . . . . .	Byte	 00000A84 _DATA	
csQ7A  . . . . . . . . . . . . .	Byte	 00000B0D _DATA	
csQ7B  . . . . . . . . . . . . .	Byte	 00000B1A _DATA	
csQ7C  . . . . . . . . . . . . .	Byte	 00000B27 _DATA	
csQ7D  . . . . . . . . . . . . .	Byte	 00000B35 _DATA	
csQ7 . . . . . . . . . . . . . .	Byte	 00000AE2 _DATA	
csQ8A  . . . . . . . . . . . . .	Byte	 00000B5B _DATA	
csQ8B  . . . . . . . . . . . . .	Byte	 00000B79 _DATA	
csQ8C  . . . . . . . . . . . . .	Byte	 00000B96 _DATA	
csQ8D  . . . . . . . . . . . . .	Byte	 00000BB5 _DATA	
csQ8 . . . . . . . . . . . . . .	Byte	 00000B42 _DATA	
csQ9A  . . . . . . . . . . . . .	Byte	 00000BF4 _DATA	
csQ9B  . . . . . . . . . . . . .	Byte	 00000BFB _DATA	
csQ9C  . . . . . . . . . . . . .	Byte	 00000C02 _DATA	
csQ9D  . . . . . . . . . . . . .	Byte	 00000C0A _DATA	
csQ9 . . . . . . . . . . . . . .	Byte	 00000BD5 _DATA	
currentQIdx  . . . . . . . . . .	DWord	 00000048 _DATA	
currentQNum  . . . . . . . . . .	DWord	 0000002C _DATA	
cyan . . . . . . . . . . . . . .	Number	 00000003h   
diffChoice . . . . . . . . . . .	DWord	 0000003C _DATA	
diffName1  . . . . . . . . . . .	Byte	 0000075A _DATA	
diffName2  . . . . . . . . . . .	Byte	 0000075F _DATA	
diffName3  . . . . . . . . . . .	Byte	 00000766 _DATA	
diffNames  . . . . . . . . . . .	DWord	 0000076B _DATA	
diffOpt1 . . . . . . . . . . . .	Byte	 00000332 _DATA	
diffOpt2 . . . . . . . . . . . .	Byte	 0000034E _DATA	
diffOpt3 . . . . . . . . . . . .	Byte	 0000036A _DATA	
diffTitle  . . . . . . . . . . .	Byte	 00000315 _DATA	
exitMsg1 . . . . . . . . . . . .	Byte	 000006F2 _DATA	
exitMsg2 . . . . . . . . . . . .	Byte	 00000714 _DATA	
exit . . . . . . . . . . . . . .	Text   	 INVOKE ExitProcess,0
gkQ10A . . . . . . . . . . . . .	Byte	 00001339 _DATA	
gkQ10B . . . . . . . . . . . . .	Byte	 00001342 _DATA	
gkQ10C . . . . . . . . . . . . .	Byte	 0000134C _DATA	
gkQ10D . . . . . . . . . . . . .	Byte	 00001354 _DATA	
gkQ10  . . . . . . . . . . . . .	Byte	 00001311 _DATA	
gkQ1A  . . . . . . . . . . . . .	Byte	 00000FD1 _DATA	
gkQ1B  . . . . . . . . . . . . .	Byte	 00000FDC _DATA	
gkQ1C  . . . . . . . . . . . . .	Byte	 00000FE8 _DATA	
gkQ1D  . . . . . . . . . . . . .	Byte	 00000FF4 _DATA	
gkQ1 . . . . . . . . . . . . . .	Byte	 00000FAD _DATA	
gkQ2A  . . . . . . . . . . . . .	Byte	 00001031 _DATA	
gkQ2B  . . . . . . . . . . . . .	Byte	 0000103D _DATA	
gkQ2C  . . . . . . . . . . . . .	Byte	 00001047 _DATA	
gkQ2D  . . . . . . . . . . . . .	Byte	 00001054 _DATA	
gkQ2 . . . . . . . . . . . . . .	Byte	 00001000 _DATA	
gkQ3A  . . . . . . . . . . . . .	Byte	 00001086 _DATA	
gkQ3B  . . . . . . . . . . . . .	Byte	 0000109B _DATA	
gkQ3C  . . . . . . . . . . . . .	Byte	 000010B4 _DATA	
gkQ3D  . . . . . . . . . . . . .	Byte	 000010C5 _DATA	
gkQ3 . . . . . . . . . . . . . .	Byte	 00001061 _DATA	
gkQ4A  . . . . . . . . . . . . .	Byte	 000010FA _DATA	
gkQ4B  . . . . . . . . . . . . .	Byte	 0000110E _DATA	
gkQ4C  . . . . . . . . . . . . .	Byte	 00001120 _DATA	
gkQ4D  . . . . . . . . . . . . .	Byte	 00001132 _DATA	
gkQ4 . . . . . . . . . . . . . .	Byte	 000010D5 _DATA	
gkQ5A  . . . . . . . . . . . . .	Byte	 0000116B _DATA	
gkQ5B  . . . . . . . . . . . . .	Byte	 00001173 _DATA	
gkQ5C  . . . . . . . . . . . . .	Byte	 0000117B _DATA	
gkQ5D  . . . . . . . . . . . . .	Byte	 00001183 _DATA	
gkQ5 . . . . . . . . . . . . . .	Byte	 00001145 _DATA	
gkQ6A  . . . . . . . . . . . . .	Byte	 000011B3 _DATA	
gkQ6B  . . . . . . . . . . . . .	Byte	 000011BA _DATA	
gkQ6C  . . . . . . . . . . . . .	Byte	 000011C1 _DATA	
gkQ6D  . . . . . . . . . . . . .	Byte	 000011C8 _DATA	
gkQ6 . . . . . . . . . . . . . .	Byte	 0000118B _DATA	
gkQ7A  . . . . . . . . . . . . .	Byte	 000011F7 _DATA	
gkQ7B  . . . . . . . . . . . . .	Byte	 00001209 _DATA	
gkQ7C  . . . . . . . . . . . . .	Byte	 0000121B _DATA	
gkQ7D  . . . . . . . . . . . . .	Byte	 0000122D _DATA	
gkQ7 . . . . . . . . . . . . . .	Byte	 000011CF _DATA	
gkQ8A  . . . . . . . . . . . . .	Byte	 00001268 _DATA	
gkQ8B  . . . . . . . . . . . . .	Byte	 00001272 _DATA	
gkQ8C  . . . . . . . . . . . . .	Byte	 0000127E _DATA	
gkQ8D  . . . . . . . . . . . . .	Byte	 0000128F _DATA	
gkQ8 . . . . . . . . . . . . . .	Byte	 0000123F _DATA	
gkQ9A  . . . . . . . . . . . . .	Byte	 000012CA _DATA	
gkQ9B  . . . . . . . . . . . . .	Byte	 000012DB _DATA	
gkQ9C  . . . . . . . . . . . . .	Byte	 000012EF _DATA	
gkQ9D  . . . . . . . . . . . . .	Byte	 00001301 _DATA	
gkQ9 . . . . . . . . . . . . . .	Byte	 0000129C _DATA	
gradeAP  . . . . . . . . . . . .	Byte	 00000777 _DATA	
gradeA . . . . . . . . . . . . .	Byte	 0000077A _DATA	
gradeB . . . . . . . . . . . . .	Byte	 0000077C _DATA	
gradeC . . . . . . . . . . . . .	Byte	 0000077E _DATA	
gradeD . . . . . . . . . . . . .	Byte	 00000780 _DATA	
gradeF . . . . . . . . . . . . .	Byte	 00000782 _DATA	
gradePtr . . . . . . . . . . . .	DWord	 00000784 _DATA	
gray . . . . . . . . . . . . . .	Number	 00000008h   
green  . . . . . . . . . . . . .	Number	 00000002h   
inst10 . . . . . . . . . . . . .	Byte	 000005E7 _DATA	
inst1  . . . . . . . . . . . . .	Byte	 000004C3 _DATA	
inst2  . . . . . . . . . . . . .	Byte	 000004DB _DATA	
inst3  . . . . . . . . . . . . .	Byte	 00000501 _DATA	
inst4  . . . . . . . . . . . . .	Byte	 00000521 _DATA	
inst5  . . . . . . . . . . . . .	Byte	 0000053C _DATA	
inst6  . . . . . . . . . . . . .	Byte	 00000557 _DATA	
inst7  . . . . . . . . . . . . .	Byte	 00000573 _DATA	
inst8  . . . . . . . . . . . . .	Byte	 0000059D _DATA	
inst9  . . . . . . . . . . . . .	Byte	 000005BD _DATA	
invalidAns . . . . . . . . . . .	Byte	 000000EA _DATA	
invalidMsg . . . . . . . . . . .	Byte	 000000CD _DATA	
lastCorrect  . . . . . . . . . .	Byte	 0000004D _DATA	
lightBlue  . . . . . . . . . . .	Number	 00000009h   
lightCyan  . . . . . . . . . . .	Number	 0000000Bh   
lightGray  . . . . . . . . . . .	Number	 00000007h   
lightGreen . . . . . . . . . . .	Number	 0000000Ah   
lightMagenta . . . . . . . . . .	Number	 0000000Dh   
lightRed . . . . . . . . . . . .	Number	 0000000Ch   
mQ10A  . . . . . . . . . . . . .	Byte	 00000F88 _DATA	
mQ10B  . . . . . . . . . . . . .	Byte	 00000F8F _DATA	
mQ10C  . . . . . . . . . . . . .	Byte	 00000F9E _DATA	
mQ10D  . . . . . . . . . . . . .	Byte	 00000FA6 _DATA	
mQ10 . . . . . . . . . . . . . .	Byte	 00000F5E _DATA	
mQ1A . . . . . . . . . . . . . .	Byte	 00000CBE _DATA	
mQ1B . . . . . . . . . . . . . .	Byte	 00000CC7 _DATA	
mQ1C . . . . . . . . . . . . . .	Byte	 00000CD0 _DATA	
mQ1D . . . . . . . . . . . . . .	Byte	 00000CD9 _DATA	
mQ1  . . . . . . . . . . . . . .	Byte	 00000CA1 _DATA	
mQ2A . . . . . . . . . . . . . .	Byte	 00000D02 _DATA	
mQ2B . . . . . . . . . . . . . .	Byte	 00000D0A _DATA	
mQ2C . . . . . . . . . . . . . .	Byte	 00000D12 _DATA	
mQ2D . . . . . . . . . . . . . .	Byte	 00000D1A _DATA	
mQ2  . . . . . . . . . . . . . .	Byte	 00000CE2 _DATA	
mQ3A . . . . . . . . . . . . . .	Byte	 00000D47 _DATA	
mQ3B . . . . . . . . . . . . . .	Byte	 00000D54 _DATA	
mQ3C . . . . . . . . . . . . . .	Byte	 00000D61 _DATA	
mQ3D . . . . . . . . . . . . . .	Byte	 00000D6E _DATA	
mQ3  . . . . . . . . . . . . . .	Byte	 00000D22 _DATA	
mQ4A . . . . . . . . . . . . . .	Byte	 00000DA0 _DATA	
mQ4B . . . . . . . . . . . . . .	Byte	 00000DA9 _DATA	
mQ4C . . . . . . . . . . . . . .	Byte	 00000DB2 _DATA	
mQ4D . . . . . . . . . . . . . .	Byte	 00000DBC _DATA	
mQ4  . . . . . . . . . . . . . .	Byte	 00000D7B _DATA	
mQ5A . . . . . . . . . . . . . .	Byte	 00000DE1 _DATA	
mQ5B . . . . . . . . . . . . . .	Byte	 00000DE9 _DATA	
mQ5C . . . . . . . . . . . . . .	Byte	 00000DF1 _DATA	
mQ5D . . . . . . . . . . . . . .	Byte	 00000DF9 _DATA	
mQ5  . . . . . . . . . . . . . .	Byte	 00000DC6 _DATA	
mQ6A . . . . . . . . . . . . . .	Byte	 00000E2E _DATA	
mQ6B . . . . . . . . . . . . . .	Byte	 00000E3F _DATA	
mQ6C . . . . . . . . . . . . . .	Byte	 00000E50 _DATA	
mQ6D . . . . . . . . . . . . . .	Byte	 00000E60 _DATA	
mQ6  . . . . . . . . . . . . . .	Byte	 00000E01 _DATA	
mQ7A . . . . . . . . . . . . . .	Byte	 00000E92 _DATA	
mQ7B . . . . . . . . . . . . . .	Byte	 00000E9A _DATA	
mQ7C . . . . . . . . . . . . . .	Byte	 00000EA2 _DATA	
mQ7D . . . . . . . . . . . . . .	Byte	 00000EAB _DATA	
mQ7  . . . . . . . . . . . . . .	Byte	 00000E71 _DATA	
mQ8A . . . . . . . . . . . . . .	Byte	 00000EDB _DATA	
mQ8B . . . . . . . . . . . . . .	Byte	 00000EE2 _DATA	
mQ8C . . . . . . . . . . . . . .	Byte	 00000EEA _DATA	
mQ8D . . . . . . . . . . . . . .	Byte	 00000EF2 _DATA	
mQ8  . . . . . . . . . . . . . .	Byte	 00000EB4 _DATA	
mQ9A . . . . . . . . . . . . . .	Byte	 00000F27 _DATA	
mQ9B . . . . . . . . . . . . . .	Byte	 00000F37 _DATA	
mQ9C . . . . . . . . . . . . . .	Byte	 00000F47 _DATA	
mQ9D . . . . . . . . . . . . . .	Byte	 00000F53 _DATA	
mQ9  . . . . . . . . . . . . . .	Byte	 00000EF9 _DATA	
magenta  . . . . . . . . . . . .	Number	 00000005h   
maxScore . . . . . . . . . . . .	DWord	 00000044 _DATA	
menuOpt1 . . . . . . . . . . . .	Byte	 0000027C _DATA	
menuOpt2 . . . . . . . . . . . .	Byte	 0000028C _DATA	
menuOpt3 . . . . . . . . . . . .	Byte	 0000029E _DATA	
menuOpt4 . . . . . . . . . . . .	Byte	 000002B1 _DATA	
menuTitle  . . . . . . . . . . .	Byte	 00000263 _DATA	
numQuestions . . . . . . . . . .	DWord	 00000030 _DATA	
ofMsg  . . . . . . . . . . . . .	Byte	 00000393 _DATA	
percentSign  . . . . . . . . . .	Byte	 00000169 _DATA	
percentage . . . . . . . . . . .	DWord	 00000040 _DATA	
perfAverage  . . . . . . . . . .	Byte	 000007E3 _DATA	
perfExcell . . . . . . . . . . .	Byte	 000007A7 _DATA	
perfGood . . . . . . . . . . . .	Byte	 000007C3 _DATA	
perfNeedImp  . . . . . . . . . .	Byte	 00000804 _DATA	
perfOutstand . . . . . . . . . .	Byte	 00000788 _DATA	
perfPtr  . . . . . . . . . . . .	DWord	 00000826 _DATA	
pressKey . . . . . . . . . . . .	Byte	 0000014A _DATA	
promptName . . . . . . . . . . .	Byte	 00000089 _DATA	
qNumMsg  . . . . . . . . . . . .	Byte	 00000387 _DATA	
red  . . . . . . . . . . . . . .	Number	 00000004h   
repOpt1  . . . . . . . . . . . .	Byte	 0000049A _DATA	
repOpt2  . . . . . . . . . . . .	Byte	 000004AA _DATA	
repOpt3  . . . . . . . . . . . .	Byte	 000004B9 _DATA	
repTitle . . . . . . . . . . . .	Byte	 00000483 _DATA	
resCatLbl  . . . . . . . . . . .	Byte	 000003DB _DATA	
resCorrectLbl  . . . . . . . . .	Byte	 00000405 _DATA	
resDiffLbl . . . . . . . . . . .	Byte	 000003F0 _DATA	
resGradeLbl  . . . . . . . . . .	Byte	 00000459 _DATA	
resNameLbl . . . . . . . . . . .	Byte	 000003C6 _DATA	
resPercLbl . . . . . . . . . . .	Byte	 00000444 _DATA	
resPerfLbl . . . . . . . . . . .	Byte	 0000046E _DATA	
resScoreLbl  . . . . . . . . . .	Byte	 0000042F _DATA	
resTitle . . . . . . . . . . . .	Byte	 000003AA _DATA	
resWrongLbl  . . . . . . . . . .	Byte	 0000041A _DATA	
scoreMsg . . . . . . . . . . . .	Byte	 00000398 _DATA	
score  . . . . . . . . . . . . .	DWord	 00000020 _DATA	
separator  . . . . . . . . . . .	Byte	 00000058 _DATA	
slashTxt . . . . . . . . . . . .	Byte	 0000016B _DATA	
usedQuestions  . . . . . . . . .	Byte	 0000004E _DATA	
userAnswer . . . . . . . . . . .	Byte	 0000004C _DATA	
userName . . . . . . . . . . . .	Byte	 00000000 _DATA	
welc1  . . . . . . . . . . . . .	Byte	 0000016F _DATA	
welc2  . . . . . . . . . . . . .	Byte	 000001A0 _DATA	
welc3  . . . . . . . . . . . . .	Byte	 000001D1 _DATA	
welc4  . . . . . . . . . . . . .	Byte	 00000201 _DATA	
welc5  . . . . . . . . . . . . .	Byte	 00000232 _DATA	
white  . . . . . . . . . . . . .	Number	 0000000Fh   
wrongCount . . . . . . . . . . .	DWord	 00000028 _DATA	
wrongTxt . . . . . . . . . . . .	Byte	 00000128 _DATA	
wsprintf . . . . . . . . . . . .	Text   	 wsprintfA
yellow . . . . . . . . . . . . .	Number	 0000000Eh   

	   0 Warnings
	   0 Errors
